"app_id","app_name","maker","category","indie_tier","reviews","one_star","two_star","earliest_review_updated_at","latest_review_updated_at","release_date","eligibility"
"6742410648","WhoLiked? - Guess Who Reposted","IRL Apps","Games","small_independent_team","458","360","98","2025-04-29T15:24:05-07:00","2026-09-28T19:20:54-07:00","2025-04-15T07:00:00Z","qualified"
"6746781192","Imposter Who? - Word Game","Sokak Technologies Inc.","Entertainment","unknown","147","115","32","2025-07-15T11:33:05-07:00","2026-09-29T04:23:07-07:00","2025-06-05T07:00:00Z","user_nominated"
"6745120053","Imposter Game - Party Edition","Sven Vucak / Vucak IT Solutions (Sven and David Vucak)","Party / social deduction game","small_independent_team","68","56","12","2025-06-12T14:03:22-07:00","2026-10-02T22:09:40-07:00","2025-05-18T07:00:00Z","qualified"
"1663430725","RIZZ","TREND IT LLC; Joshua Miller and Roman Khaves","Lifestyle / AI dating assistant","individual_led","381","347","34","2023-02-20T22:54:19-07:00","2026-10-02T20:36:59-07:00","2023-01-12T08:00:00Z","qualified"
"1624758651","Couple Joy - Relationship App","HEARTBIT S.R.L.","Lifestyle / couples and social networking","small_independent_team","280","182","98","2023-12-03T09:46:29-07:00","2026-09-26T17:13:53-07:00","2022-05-28T07:00:00Z","qualified"
"6745120443","Charades - Who Am I?!?","Sven Vucak / Vucak IT Solutions (Sven and David Vucak)","Party / charades game","small_independent_team","3","3","0","2026-07-19T17:35:58-07:00","2026-08-10T16:53:02-07:00","2025-05-20T07:00:00Z","qualified"
"6746101066","Party Bomb - Pass it or lose","Sven Vucak / Vucak IT Solutions (Sven and David Vucak)","Party / pass-the-phone game","small_independent_team","0","0","0","","","2025-05-22T07:00:00Z","qualified"
"6443918070","Habit Tracker - HabitKit","Sebastian Roehl","Productivity","solo","39","25","14","2023-07-03T12:03:59-07:00","2026-09-06T14:14:38-07:00","2022-11-26T08:00:00Z","qualified"
"6752217216","Pomodoro Timer - FocusKit","Sebastian Roehl","Productivity","solo","1","1","0","2025-12-23T10:40:58-07:00","2025-12-23T10:40:58-07:00","2025-11-28T08:00:00Z","qualified"
"6739589530","touch grass: screen time limit","Rhys Kentish","Productivity","solo","78","49","29","2025-03-13T19:26:37-07:00","2026-06-14T17:32:38-07:00","2025-03-14T07:00:00Z","qualified"
"6532588521","QUITTR - Break Free Now","Alex Slater and Connor McLaren / Quittr, LLC","Health & Fitness","small_independent_team","629","558","71","2024-08-09T13:04:20-07:00","2026-10-01T16:13:10-07:00","2024-07-23T07:00:00Z","qualified"
"6480082872","Dumbify","Anthony Burkholder / AB Apps Inc.","Productivity","solo","126","98","28","2024-05-14T08:04:22-07:00","2026-08-31T12:29:00-07:00","2024-04-02T07:00:00Z","qualified"
"6451491556","Wave AI Note Taker & Recorder","Josh Mohrer / Mohrer Associates LLC","Productivity","small_independent_team","76","60","16","2023-08-07T17:54:08-07:00","2026-09-26T10:02:28-07:00","2023-07-26T07:00:00Z","qualified"
