"app_id","app_name","storefront","pages","fetched_entries","unique_review_ids_all_ratings","negative_observations","empty_page_rechecks","recovered_empty_pages","stop_reason","error"
"6742410648","WhoLiked? - Guess Who Reposted","us","3","130","130","94","0","0","short_page",""
"6742410648","WhoLiked? - Guess Who Reposted","gb","2","56","56","32","0","0","short_page",""
"6742410648","WhoLiked? - Guess Who Reposted","ca","1","28","28","19","1","1","short_page",""
"6742410648","WhoLiked? - Guess Who Reposted","au","1","8","8","6","0","0","short_page",""
"6742410648","WhoLiked? - Guess Who Reposted","nz","1","2","2","2","1","1","short_page",""
"6742410648","WhoLiked? - Guess Who Reposted","ie","1","3","3","1","0","0","short_page",""
"6742410648","WhoLiked? - Guess Who Reposted","fr","7","309","309","177","1","1","short_page",""
"6742410648","WhoLiked? - Guess Who Reposted","de","2","85","85","51","1","1","short_page",""
"6742410648","WhoLiked? - Guess Who Reposted","es","1","24","24","14","0","0","short_page",""
"6742410648","WhoLiked? - Guess Who Reposted","it","1","20","20","11","0","0","short_page",""
"6742410648","WhoLiked? - Guess Who Reposted","nl","1","9","9","4","0","0","short_page",""
"6742410648","WhoLiked? - Guess Who Reposted","at","1","9","9","4","0","0","short_page",""
"6742410648","WhoLiked? - Guess Who Reposted","ch","1","19","19","9","1","1","short_page",""
"6742410648","WhoLiked? - Guess Who Reposted","be","1","27","27","20","0","0","short_page",""
"6742410648","WhoLiked? - Guess Who Reposted","br","1","11","11","5","0","0","short_page",""
"6742410648","WhoLiked? - Guess Who Reposted","mx","1","4","4","3","0","0","short_page",""
"6742410648","WhoLiked? - Guess Who Reposted","tr","1","6","6","6","1","1","short_page",""
"6742410648","WhoLiked? - Guess Who Reposted","in","1","0","0","0","1","0","empty_page_rechecked",""
"6742410648","WhoLiked? - Guess Who Reposted","id","1","1","1","0","1","1","short_page",""
"6742410648","WhoLiked? - Guess Who Reposted","za","1","0","0","0","1","0","empty_page_rechecked",""
"6746781192","Imposter Who? - Word Game","us","10","500","500","34","1","1","last_page",""
"6746781192","Imposter Who? - Word Game","gb","10","500","500","24","1","1","last_page",""
"6746781192","Imposter Who? - Word Game","ca","1","0","0","0","1","0","empty_page_rechecked",""
"6746781192","Imposter Who? - Word Game","au","9","402","402","21","1","1","short_page",""
"6746781192","Imposter Who? - Word Game","nz","2","57","57","2","1","1","short_page",""
"6746781192","Imposter Who? - Word Game","ie","2","68","68","3","1","1","short_page",""
"6746781192","Imposter Who? - Word Game","fr","1","11","11","1","0","0","short_page",""
"6746781192","Imposter Who? - Word Game","de","1","28","28","3","0","0","short_page",""
"6746781192","Imposter Who? - Word Game","es","4","159","159","8","1","1","short_page",""
"6746781192","Imposter Who? - Word Game","it","1","40","40","1","0","0","short_page",""
"6746781192","Imposter Who? - Word Game","nl","5","240","240","10","0","0","short_page",""
"6746781192","Imposter Who? - Word Game","at","1","0","0","0","1","0","empty_page_rechecked",""
"6746781192","Imposter Who? - Word Game","ch","1","7","7","0","1","1","short_page",""
"6746781192","Imposter Who? - Word Game","be","2","62","62","4","0","0","short_page",""
"6746781192","Imposter Who? - Word Game","br","4","173","173","8","0","0","short_page",""
"6746781192","Imposter Who? - Word Game","mx","8","363","363","15","1","1","short_page",""
"6746781192","Imposter Who? - Word Game","tr","1","42","42","4","1","1","short_page",""
"6746781192","Imposter Who? - Word Game","in","2","60","60","4","0","0","short_page",""
"6746781192","Imposter Who? - Word Game","id","1","9","9","1","0","0","short_page",""
"6746781192","Imposter Who? - Word Game","za","2","61","61","4","0","0","short_page",""
"6745120053","Imposter Game - Party Edition","us","10","500","500","42","1","1","last_page",""
"6745120053","Imposter Game - Party Edition","gb","2","87","87","10","0","0","short_page",""
"6745120053","Imposter Game - Party Edition","ca","1","9","9","2","1","1","short_page",""
"6745120053","Imposter Game - Party Edition","au","1","0","0","0","1","0","empty_page_rechecked",""
"6745120053","Imposter Game - Party Edition","nz","1","1","1","0","0","0","short_page",""
"6745120053","Imposter Game - Party Edition","ie","1","2","2","0","0","0","short_page",""
"6745120053","Imposter Game - Party Edition","fr","1","0","0","0","1","0","empty_page_rechecked",""
"6745120053","Imposter Game - Party Edition","de","1","18","18","3","0","0","short_page",""
"6745120053","Imposter Game - Party Edition","es","1","20","20","3","0","0","short_page",""
"6745120053","Imposter Game - Party Edition","it","1","3","3","1","0","0","short_page",""
"6745120053","Imposter Game - Party Edition","nl","1","2","2","0","0","0","short_page",""
"6745120053","Imposter Game - Party Edition","at","1","7","7","0","0","0","short_page",""
"6745120053","Imposter Game - Party Edition","ch","1","1","1","0","0","0","short_page",""
"6745120053","Imposter Game - Party Edition","be","1","2","2","1","0","0","short_page",""
"6745120053","Imposter Game - Party Edition","br","1","6","6","1","0","0","short_page",""
"6745120053","Imposter Game - Party Edition","mx","1","5","5","2","0","0","short_page",""
"6745120053","Imposter Game - Party Edition","tr","1","6","6","2","0","0","short_page",""
"6745120053","Imposter Game - Party Edition","in","1","2","2","1","1","1","short_page",""
"6745120053","Imposter Game - Party Edition","id","1","0","0","0","1","0","empty_page_rechecked",""
"6745120053","Imposter Game - Party Edition","za","1","0","0","0","1","0","empty_page_rechecked",""
"1663430725","RIZZ","us","10","500","500","223","1","1","last_page",""
"1663430725","RIZZ","gb","2","57","57","32","0","0","short_page",""
"1663430725","RIZZ","ca","2","59","59","21","0","0","short_page",""
"1663430725","RIZZ","au","1","24","24","18","1","1","short_page",""
"1663430725","RIZZ","nz","1","3","3","2","0","0","short_page",""
"1663430725","RIZZ","ie","1","5","5","2","0","0","short_page",""
"1663430725","RIZZ","fr","1","9","9","6","1","1","short_page",""
"1663430725","RIZZ","de","1","40","40","30","1","1","short_page",""
"1663430725","RIZZ","es","1","13","13","12","0","0","short_page",""
"1663430725","RIZZ","it","1","14","14","8","0","0","short_page",""
"1663430725","RIZZ","nl","1","9","9","6","0","0","short_page",""
"1663430725","RIZZ","at","1","4","4","3","0","0","short_page",""
"1663430725","RIZZ","ch","1","1","1","1","0","0","short_page",""
"1663430725","RIZZ","be","1","5","5","2","1","1","short_page",""
"1663430725","RIZZ","br","1","9","9","4","0","0","short_page",""
"1663430725","RIZZ","mx","1","13","13","2","0","0","short_page",""
"1663430725","RIZZ","tr","1","5","5","3","0","0","short_page",""
"1663430725","RIZZ","in","1","2","2","2","1","1","short_page",""
"1663430725","RIZZ","id","1","3","3","1","0","0","short_page",""
"1663430725","RIZZ","za","1","17","17","3","0","0","short_page",""
"1624758651","Couple Joy - Relationship App","us","10","500","500","56","1","1","last_page",""
"1624758651","Couple Joy - Relationship App","gb","3","135","135","15","1","1","short_page",""
"1624758651","Couple Joy - Relationship App","ca","2","89","89","27","1","1","short_page",""
"1624758651","Couple Joy - Relationship App","au","2","53","53","5","0","0","short_page",""
"1624758651","Couple Joy - Relationship App","nz","1","8","8","3","0","0","short_page",""
"1624758651","Couple Joy - Relationship App","ie","1","13","13","2","0","0","short_page",""
"1624758651","Couple Joy - Relationship App","fr","3","145","145","25","1","1","short_page",""
"1624758651","Couple Joy - Relationship App","de","3","131","131","18","1","1","short_page",""
"1624758651","Couple Joy - Relationship App","es","5","200","200","37","2","1","empty_page_rechecked",""
"1624758651","Couple Joy - Relationship App","it","2","73","73","14","1","1","short_page",""
"1624758651","Couple Joy - Relationship App","nl","1","46","46","6","0","0","short_page",""
"1624758651","Couple Joy - Relationship App","at","1","9","9","0","0","0","short_page",""
"1624758651","Couple Joy - Relationship App","ch","1","15","15","2","0","0","short_page",""
"1624758651","Couple Joy - Relationship App","be","1","25","25","3","0","0","short_page",""
"1624758651","Couple Joy - Relationship App","br","1","32","32","2","1","1","short_page",""
"1624758651","Couple Joy - Relationship App","mx","9","404","404","50","1","1","short_page",""
"1624758651","Couple Joy - Relationship App","tr","1","29","29","3","0","0","short_page",""
"1624758651","Couple Joy - Relationship App","in","1","36","36","2","1","1","short_page",""
"1624758651","Couple Joy - Relationship App","id","1","5","5","1","0","0","short_page",""
"1624758651","Couple Joy - Relationship App","za","2","67","67","9","0","0","short_page",""
"6745120443","Charades - Who Am I?!?","us","1","2","2","1","1","1","short_page",""
"6745120443","Charades - Who Am I?!?","gb","1","0","0","0","1","0","empty_page_rechecked",""
"6745120443","Charades - Who Am I?!?","ca","1","1","1","1","0","0","short_page",""
"6745120443","Charades - Who Am I?!?","au","1","0","0","0","1","0","empty_page_rechecked",""
"6745120443","Charades - Who Am I?!?","nz","1","0","0","0","1","0","empty_page_rechecked",""
"6745120443","Charades - Who Am I?!?","ie","1","0","0","0","1","0","empty_page_rechecked",""
"6745120443","Charades - Who Am I?!?","fr","1","0","0","0","1","0","empty_page_rechecked",""
"6745120443","Charades - Who Am I?!?","de","1","0","0","0","1","0","empty_page_rechecked",""
"6745120443","Charades - Who Am I?!?","es","1","0","0","0","1","0","empty_page_rechecked",""
"6745120443","Charades - Who Am I?!?","it","1","0","0","0","1","0","empty_page_rechecked",""
"6745120443","Charades - Who Am I?!?","nl","1","0","0","0","1","0","empty_page_rechecked",""
"6745120443","Charades - Who Am I?!?","at","1","4","4","0","0","0","short_page",""
"6745120443","Charades - Who Am I?!?","ch","1","0","0","0","1","0","empty_page_rechecked",""
"6745120443","Charades - Who Am I?!?","be","1","0","0","0","1","0","empty_page_rechecked",""
"6745120443","Charades - Who Am I?!?","br","1","1","1","1","1","1","short_page",""
"6745120443","Charades - Who Am I?!?","mx","1","0","0","0","1","0","empty_page_rechecked",""
"6745120443","Charades - Who Am I?!?","tr","1","0","0","0","1","0","empty_page_rechecked",""
"6745120443","Charades - Who Am I?!?","in","1","0","0","0","1","0","empty_page_rechecked",""
"6745120443","Charades - Who Am I?!?","id","1","0","0","0","1","0","empty_page_rechecked",""
"6745120443","Charades - Who Am I?!?","za","1","0","0","0","1","0","empty_page_rechecked",""
"6746101066","Party Bomb - Pass it or lose","us","1","0","0","0","1","0","empty_page_rechecked",""
"6746101066","Party Bomb - Pass it or lose","gb","1","0","0","0","1","0","empty_page_rechecked",""
"6746101066","Party Bomb - Pass it or lose","ca","1","0","0","0","1","0","empty_page_rechecked",""
"6746101066","Party Bomb - Pass it or lose","au","1","0","0","0","1","0","empty_page_rechecked",""
"6746101066","Party Bomb - Pass it or lose","nz","1","0","0","0","1","0","empty_page_rechecked",""
"6746101066","Party Bomb - Pass it or lose","ie","1","0","0","0","1","0","empty_page_rechecked",""
"6746101066","Party Bomb - Pass it or lose","fr","1","0","0","0","1","0","empty_page_rechecked",""
"6746101066","Party Bomb - Pass it or lose","de","1","0","0","0","1","0","empty_page_rechecked",""
"6746101066","Party Bomb - Pass it or lose","es","1","0","0","0","1","0","empty_page_rechecked",""
"6746101066","Party Bomb - Pass it or lose","it","1","0","0","0","1","0","empty_page_rechecked",""
"6746101066","Party Bomb - Pass it or lose","nl","1","0","0","0","1","0","empty_page_rechecked",""
"6746101066","Party Bomb - Pass it or lose","at","1","3","3","0","0","0","short_page",""
"6746101066","Party Bomb - Pass it or lose","ch","1","0","0","0","1","0","empty_page_rechecked",""
"6746101066","Party Bomb - Pass it or lose","be","1","0","0","0","1","0","empty_page_rechecked",""
"6746101066","Party Bomb - Pass it or lose","br","1","0","0","0","1","0","empty_page_rechecked",""
"6746101066","Party Bomb - Pass it or lose","mx","1","0","0","0","1","0","empty_page_rechecked",""
"6746101066","Party Bomb - Pass it or lose","tr","1","0","0","0","1","0","empty_page_rechecked",""
"6746101066","Party Bomb - Pass it or lose","in","1","0","0","0","1","0","empty_page_rechecked",""
"6746101066","Party Bomb - Pass it or lose","id","1","0","0","0","1","0","empty_page_rechecked",""
"6746101066","Party Bomb - Pass it or lose","za","1","0","0","0","1","0","empty_page_rechecked",""
"6443918070","Habit Tracker - HabitKit","us","5","211","211","10","1","1","short_page",""
"6443918070","Habit Tracker - HabitKit","gb","2","90","90","3","0","0","short_page",""
"6443918070","Habit Tracker - HabitKit","ca","2","57","57","5","1","1","short_page",""
"6443918070","Habit Tracker - HabitKit","au","1","21","21","2","0","0","short_page",""
"6443918070","Habit Tracker - HabitKit","nz","1","3","3","0","1","1","short_page",""
"6443918070","Habit Tracker - HabitKit","ie","1","7","7","0","0","0","short_page",""
"6443918070","Habit Tracker - HabitKit","fr","1","32","32","3","0","0","short_page",""
"6443918070","Habit Tracker - HabitKit","de","3","107","107","2","0","0","short_page",""
"6443918070","Habit Tracker - HabitKit","es","1","17","17","2","0","0","short_page",""
"6443918070","Habit Tracker - HabitKit","it","1","11","11","1","0","0","short_page",""
"6443918070","Habit Tracker - HabitKit","nl","1","8","8","1","0","0","short_page",""
"6443918070","Habit Tracker - HabitKit","at","1","8","8","0","0","0","short_page",""
"6443918070","Habit Tracker - HabitKit","ch","1","10","10","0","0","0","short_page",""
"6443918070","Habit Tracker - HabitKit","be","1","4","4","0","0","0","short_page",""
"6443918070","Habit Tracker - HabitKit","br","1","30","30","3","0","0","short_page",""
"6443918070","Habit Tracker - HabitKit","mx","1","14","14","2","0","0","short_page",""
"6443918070","Habit Tracker - HabitKit","tr","1","20","20","2","0","0","short_page",""
"6443918070","Habit Tracker - HabitKit","in","1","28","28","2","0","0","short_page",""
"6443918070","Habit Tracker - HabitKit","id","1","4","4","1","0","0","short_page",""
"6443918070","Habit Tracker - HabitKit","za","1","4","4","0","0","0","short_page",""
"6752217216","Pomodoro Timer - FocusKit","us","1","3","3","0","0","0","short_page",""
"6752217216","Pomodoro Timer - FocusKit","gb","1","4","4","0","0","0","short_page",""
"6752217216","Pomodoro Timer - FocusKit","ca","1","0","0","0","1","0","empty_page_rechecked",""
"6752217216","Pomodoro Timer - FocusKit","au","1","0","0","0","1","0","empty_page_rechecked",""
"6752217216","Pomodoro Timer - FocusKit","nz","1","0","0","0","1","0","empty_page_rechecked",""
"6752217216","Pomodoro Timer - FocusKit","ie","1","0","0","0","1","0","empty_page_rechecked",""
"6752217216","Pomodoro Timer - FocusKit","fr","1","1","1","0","0","0","short_page",""
"6752217216","Pomodoro Timer - FocusKit","de","1","10","10","0","0","0","short_page",""
"6752217216","Pomodoro Timer - FocusKit","es","1","1","1","0","0","0","short_page",""
"6752217216","Pomodoro Timer - FocusKit","it","1","0","0","0","1","0","empty_page_rechecked",""
"6752217216","Pomodoro Timer - FocusKit","nl","1","0","0","0","1","0","empty_page_rechecked",""
"6752217216","Pomodoro Timer - FocusKit","at","1","0","0","0","1","0","empty_page_rechecked",""
"6752217216","Pomodoro Timer - FocusKit","ch","1","1","1","0","0","0","short_page",""
"6752217216","Pomodoro Timer - FocusKit","be","1","0","0","0","1","0","empty_page_rechecked",""
"6752217216","Pomodoro Timer - FocusKit","br","1","0","0","0","1","0","empty_page_rechecked",""
"6752217216","Pomodoro Timer - FocusKit","mx","1","0","0","0","1","0","empty_page_rechecked",""
"6752217216","Pomodoro Timer - FocusKit","tr","1","0","0","0","1","0","empty_page_rechecked",""
"6752217216","Pomodoro Timer - FocusKit","in","1","4","4","1","0","0","short_page",""
"6752217216","Pomodoro Timer - FocusKit","id","1","0","0","0","1","0","empty_page_rechecked",""
"6752217216","Pomodoro Timer - FocusKit","za","1","0","0","0","1","0","empty_page_rechecked",""
"6739589530","touch grass: screen time limit","us","8","358","358","53","1","1","short_page",""
"6739589530","touch grass: screen time limit","gb","2","52","52","5","0","0","short_page",""
"6739589530","touch grass: screen time limit","ca","1","34","34","2","0","0","short_page",""
"6739589530","touch grass: screen time limit","au","1","28","28","3","1","1","short_page",""
"6739589530","touch grass: screen time limit","nz","1","3","3","1","1","1","short_page",""
"6739589530","touch grass: screen time limit","ie","1","6","6","2","0","0","short_page",""
"6739589530","touch grass: screen time limit","fr","1","7","7","0","1","1","short_page",""
"6739589530","touch grass: screen time limit","de","1","15","15","4","0","0","short_page",""
"6739589530","touch grass: screen time limit","es","1","2","2","0","1","1","short_page",""
"6739589530","touch grass: screen time limit","it","1","10","10","2","0","0","short_page",""
"6739589530","touch grass: screen time limit","nl","1","5","5","1","0","0","short_page",""
"6739589530","touch grass: screen time limit","at","1","2","2","0","0","0","short_page",""
"6739589530","touch grass: screen time limit","ch","1","3","3","1","0","0","short_page",""
"6739589530","touch grass: screen time limit","be","1","1","1","0","0","0","short_page",""
"6739589530","touch grass: screen time limit","br","1","3","3","1","1","1","short_page",""
"6739589530","touch grass: screen time limit","mx","1","4","4","0","0","0","short_page",""
"6739589530","touch grass: screen time limit","tr","1","4","4","1","1","1","short_page",""
"6739589530","touch grass: screen time limit","in","1","6","6","2","0","0","short_page",""
"6739589530","touch grass: screen time limit","id","1","0","0","0","1","0","empty_page_rechecked",""
"6739589530","touch grass: screen time limit","za","1","0","0","0","1","0","empty_page_rechecked",""
"6532588521","QUITTR - Break Free Now","us","10","500","500","406","0","0","last_page",""
"6532588521","QUITTR - Break Free Now","gb","2","62","62","49","0","0","short_page",""
"6532588521","QUITTR - Break Free Now","ca","2","73","73","57","0","0","short_page",""
"6532588521","QUITTR - Break Free Now","au","1","34","34","23","0","0","short_page",""
"6532588521","QUITTR - Break Free Now","nz","1","6","6","5","0","0","short_page",""
"6532588521","QUITTR - Break Free Now","ie","1","7","7","5","0","0","short_page",""
"6532588521","QUITTR - Break Free Now","fr","1","14","14","8","0","0","short_page",""
"6532588521","QUITTR - Break Free Now","de","1","20","20","19","0","0","short_page",""
"6532588521","QUITTR - Break Free Now","es","1","10","10","8","0","0","short_page",""
"6532588521","QUITTR - Break Free Now","it","1","7","7","4","0","0","short_page",""
"6532588521","QUITTR - Break Free Now","nl","1","11","11","7","0","0","short_page",""
"6532588521","QUITTR - Break Free Now","at","1","8","8","8","0","0","short_page",""
"6532588521","QUITTR - Break Free Now","ch","1","9","9","6","0","0","short_page",""
"6532588521","QUITTR - Break Free Now","be","1","4","4","2","0","0","short_page",""
"6532588521","QUITTR - Break Free Now","br","1","4","4","1","0","0","short_page",""
"6532588521","QUITTR - Break Free Now","mx","1","5","5","3","0","0","short_page",""
"6532588521","QUITTR - Break Free Now","tr","1","6","6","3","0","0","short_page",""
"6532588521","QUITTR - Break Free Now","in","1","15","15","9","0","0","short_page",""
"6532588521","QUITTR - Break Free Now","id","1","3","3","1","0","0","short_page",""
"6532588521","QUITTR - Break Free Now","za","1","10","10","5","0","0","short_page",""
"6480082872","Dumbify","us","3","127","127","55","0","0","short_page",""
"6480082872","Dumbify","gb","1","26","26","12","0","0","short_page",""
"6480082872","Dumbify","ca","1","0","0","0","1","0","empty_page_rechecked",""
"6480082872","Dumbify","au","1","18","18","8","0","0","short_page",""
"6480082872","Dumbify","nz","1","4","4","3","0","0","short_page",""
"6480082872","Dumbify","ie","1","3","3","2","0","0","short_page",""
"6480082872","Dumbify","fr","1","6","6","3","0","0","short_page",""
"6480082872","Dumbify","de","1","30","30","12","0","0","short_page",""
"6480082872","Dumbify","es","1","7","7","4","0","0","short_page",""
"6480082872","Dumbify","it","1","8","8","3","0","0","short_page",""
"6480082872","Dumbify","nl","1","16","16","6","0","0","short_page",""
"6480082872","Dumbify","at","1","2","2","2","0","0","short_page",""
"6480082872","Dumbify","ch","1","5","5","2","0","0","short_page",""
"6480082872","Dumbify","be","1","4","4","1","0","0","short_page",""
"6480082872","Dumbify","br","1","4","4","2","0","0","short_page",""
"6480082872","Dumbify","mx","1","5","5","5","0","0","short_page",""
"6480082872","Dumbify","tr","1","4","4","2","0","0","short_page",""
"6480082872","Dumbify","in","1","3","3","2","0","0","short_page",""
"6480082872","Dumbify","id","1","3","3","1","0","0","short_page",""
"6480082872","Dumbify","za","1","1","1","1","0","0","short_page",""
"6451491556","Wave AI Note Taker & Recorder","us","4","179","179","63","1","1","short_page",""
"6451491556","Wave AI Note Taker & Recorder","gb","1","5","5","1","0","0","short_page",""
"6451491556","Wave AI Note Taker & Recorder","ca","1","9","9","2","0","0","short_page",""
"6451491556","Wave AI Note Taker & Recorder","au","1","4","4","3","0","0","short_page",""
"6451491556","Wave AI Note Taker & Recorder","nz","1","0","0","0","1","0","empty_page_rechecked",""
"6451491556","Wave AI Note Taker & Recorder","ie","1","0","0","0","1","0","empty_page_rechecked",""
"6451491556","Wave AI Note Taker & Recorder","fr","1","7","7","3","0","0","short_page",""
"6451491556","Wave AI Note Taker & Recorder","de","1","4","4","1","0","0","short_page",""
"6451491556","Wave AI Note Taker & Recorder","es","1","3","3","1","0","0","short_page",""
"6451491556","Wave AI Note Taker & Recorder","it","1","0","0","0","1","0","empty_page_rechecked",""
"6451491556","Wave AI Note Taker & Recorder","nl","1","1","1","1","0","0","short_page",""
"6451491556","Wave AI Note Taker & Recorder","at","1","0","0","0","1","0","empty_page_rechecked",""
"6451491556","Wave AI Note Taker & Recorder","ch","1","0","0","0","1","0","empty_page_rechecked",""
"6451491556","Wave AI Note Taker & Recorder","be","1","0","0","0","1","0","empty_page_rechecked",""
"6451491556","Wave AI Note Taker & Recorder","br","1","4","4","1","0","0","short_page",""
"6451491556","Wave AI Note Taker & Recorder","mx","1","0","0","0","1","0","empty_page_rechecked",""
"6451491556","Wave AI Note Taker & Recorder","tr","1","1","1","0","0","0","short_page",""
"6451491556","Wave AI Note Taker & Recorder","in","1","1","1","0","0","0","short_page",""
"6451491556","Wave AI Note Taker & Recorder","id","1","0","0","0","1","0","empty_page_rechecked",""
"6451491556","Wave AI Note Taker & Recorder","za","1","0","0","0","1","0","empty_page_rechecked",""
