"app_id","app_name","maker","category","indie_tier","review_id","rating","title","text","updated_at","app_version","author_name","author_url","helpful_vote_sum","helpful_vote_count","storefronts","observation_count","apple_supplied_link","feed_urls","raw_paths","first_collected_at","related_review_ids","release_date","eligibility"
"6746781192","Imposter Who? - Word Game","Sokak Technologies Inc.","Entertainment","unknown","12895579611","1","Hääää","Ich habe Troll Modus freigeschaltet aber es funktioniert nicht","2025-07-15T11:33:05-07:00","1.0.14","Djdjdjdjdjfr","https://itunes.apple.com/de/reviews/id1399295675","0","1","de","1","https://itunes.apple.com/de/review?id=6746781192&type=Purple%20Software","https://itunes.apple.com/de/rss/customerreviews/page=1/id=6746781192/sortby=mostrecent/json","raw/reviews/6746781192/de-1.json","2026-10-04T10:30:41.640Z","","2025-06-05T07:00:00Z","user_nominated"
"6746781192","Imposter Who? - Word Game","Sokak Technologies Inc.","Entertainment","unknown","12918002851","1","Mag ich nicht so gerne 👎🏻👎🏻","Es total doof das man keine Kategorie auswählen kann. Jetzt kann ich nicht Spielen 👎🏻","2025-07-21T03:56:54-07:00","1.0.14","Film Gel fehl","https://itunes.apple.com/de/reviews/id1707870714","0","1","de","1","https://itunes.apple.com/de/review?id=6746781192&type=Purple%20Software","https://itunes.apple.com/de/rss/customerreviews/page=1/id=6746781192/sortby=mostrecent/json","raw/reviews/6746781192/de-1.json","2026-10-04T10:30:41.640Z","","2025-06-05T07:00:00Z","user_nominated"
"6746781192","Imposter Who? - Word Game","Sokak Technologies Inc.","Entertainment","unknown","13007616536","1","Dolandırıcılar","Başta 8.99 tl gibi bir fiyat gösterdiler kredi kartıma girip bir baktım 449.99 tl çekmişler paramı geri istiyorum ben böyle bir şeyi onaylamadım!!!!!!!!!!!!!!","2025-08-12T10:37:20-07:00","1.0.17","Paramıverrrr","https://itunes.apple.com/tr/reviews/id1480423475","0","0","tr","1","https://itunes.apple.com/tr/review?id=6746781192&type=Purple%20Software","https://itunes.apple.com/tr/rss/customerreviews/page=1/id=6746781192/sortby=mostrecent/json","raw/reviews/6746781192/tr-1-empty-recheck.json","2026-10-04T10:46:54.425Z","","2025-06-05T07:00:00Z","user_nominated"
"6746781192","Imposter Who? - Word Game","Sokak Technologies Inc.","Entertainment","unknown","13203361848","2","Oyuncu 1","10 oyuna giriyorsak 8 inde oyuncu 1 imposter oluyor düzeltilmesi lazım","2025-09-29T23:07:38-07:00","1.0.20","Salmann15","https://itunes.apple.com/tr/reviews/id1838031887","0","0","tr","1","https://itunes.apple.com/tr/review?id=6746781192&type=Purple%20Software","https://itunes.apple.com/tr/rss/customerreviews/page=1/id=6746781192/sortby=mostrecent/json","raw/reviews/6746781192/tr-1-empty-recheck.json","2026-10-04T10:46:54.425Z","","2025-06-05T07:00:00Z","user_nominated"
"6746781192","Imposter Who? - Word Game","Sokak Technologies Inc.","Entertainment","unknown","13215648993","1","Paywall","Almost everything is locked behind a paywall. Should also add a game mode where the imposter gets a different word to the other people. Tbh the Roblox version is better.","2025-10-02T16:05:41-07:00","1.0.20","Babsy Bourne","https://itunes.apple.com/au/reviews/id152477517","0","0","au","1","https://itunes.apple.com/au/review?id=6746781192&type=Purple%20Software","https://itunes.apple.com/au/rss/customerreviews/page=8/id=6746781192/sortby=mostrecent/json","raw/reviews/6746781192/au-8.json","2026-10-04T10:46:25.263Z","","2025-06-05T07:00:00Z","user_nominated"
"6746781192","Imposter Who? - Word Game","Sokak Technologies Inc.","Entertainment","unknown","13243689110","1","Foul tarnished","Fix your game and i give 2 dollar tip","2025-10-09T04:29:45-07:00","1.0.20","Iluvbigbalckmnockeyballz467","https://itunes.apple.com/nl/reviews/id1656619312","0","0","nl","1","https://itunes.apple.com/nl/review?id=6746781192&type=Purple%20Software","https://itunes.apple.com/nl/rss/customerreviews/page=5/id=6746781192/sortby=mostrecent/json","raw/reviews/6746781192/nl-5.json","2026-10-04T10:30:51.524Z","","2025-06-05T07:00:00Z","user_nominated"
"6746781192","Imposter Who? - Word Game","Sokak Technologies Inc.","Entertainment","unknown","13346661140","1","Raro","No mola mucho","2025-11-02T05:09:19-07:00","1.0.20","Malo y raro","https://itunes.apple.com/es/reviews/id1567499241","0","0","es","1","https://itunes.apple.com/es/review?id=6746781192&type=Purple%20Software","https://itunes.apple.com/es/rss/customerreviews/page=4/id=6746781192/sortby=mostrecent/json","raw/reviews/6746781192/es-4.json","2026-10-04T10:46:36.810Z","","2025-06-05T07:00:00Z","user_nominated"
"6746781192","Imposter Who? - Word Game","Sokak Technologies Inc.","Entertainment","unknown","13368995559","2","La pistas","No da buenas pistas","2025-11-07T11:13:08-07:00","1.0.20","Ok mñn","https://itunes.apple.com/es/reviews/id1581712295","0","0","es","1","https://itunes.apple.com/es/review?id=6746781192&type=Purple%20Software","https://itunes.apple.com/es/rss/customerreviews/page=3/id=6746781192/sortby=mostrecent/json","raw/reviews/6746781192/es-3.json","2026-10-04T10:46:35.329Z","","2025-06-05T07:00:00Z","user_nominated"
"6746781192","Imposter Who? - Word Game","Sokak Technologies Inc.","Entertainment","unknown","13407598373","1","Mío","Malo muy malo no me gusta muy feo juego 🍳","2025-11-16T20:00:58-07:00","1.0.20","Panzonadeaguasfrias","https://itunes.apple.com/mx/reviews/id1857021226","0","0","mx","1","https://itunes.apple.com/mx/review?id=6746781192&type=Purple%20Software","https://itunes.apple.com/mx/rss/customerreviews/page=7/id=6746781192/sortby=mostrecent/json","raw/reviews/6746781192/mx-7.json","2026-10-04T10:46:51.573Z","","2025-06-05T07:00:00Z","user_nominated"
"6746781192","Imposter Who? - Word Game","Sokak Technologies Inc.","Entertainment","unknown","13471966896","1","Aburridisimo","Igual a otros, pero peor. Te aburre a los 5 minutos","2025-12-03T15:26:40-07:00","1.0.20","Lauritagzzz","https://itunes.apple.com/es/reviews/id1119592994","0","0","es","1","https://itunes.apple.com/es/review?id=6746781192&type=Purple%20Software","https://itunes.apple.com/es/rss/customerreviews/page=3/id=6746781192/sortby=mostrecent/json","raw/reviews/6746781192/es-3.json","2026-10-04T10:46:35.329Z","","2025-06-05T07:00:00Z","user_nominated"
"6746781192","Imposter Who? - Word Game","Sokak Technologies Inc.","Entertainment","unknown","13491635390","1","Horrible","This app gives the WORST reviews it’s horrible if i could give it a zero i would.","2025-12-08T15:37:35-07:00","1.0.20","Izzy_12345","https://itunes.apple.com/au/reviews/id1617834132","0","0","au","1","https://itunes.apple.com/au/review?id=6746781192&type=Purple%20Software","https://itunes.apple.com/au/rss/customerreviews/page=7/id=6746781192/sortby=mostrecent/json","raw/reviews/6746781192/au-7.json","2026-10-04T10:46:23.825Z","","2025-06-05T07:00:00Z","user_nominated"
"6746781192","Imposter Who? - Word Game","Sokak Technologies Inc.","Entertainment","unknown","13499779311","2","🫰🏻","bien","2025-12-10T19:59:48-07:00","1.0.20","wissiissiis","https://itunes.apple.com/mx/reviews/id1520227911","0","0","mx","1","https://itunes.apple.com/mx/review?id=6746781192&type=Purple%20Software","https://itunes.apple.com/mx/rss/customerreviews/page=6/id=6746781192/sortby=mostrecent/json","raw/reviews/6746781192/mx-6.json","2026-10-04T10:46:50.144Z","","2025-06-05T07:00:00Z","user_nominated"
"6746781192","Imposter Who? - Word Game","Sokak Technologies Inc.","Entertainment","unknown","13505956515","1","COBRAR?","No se debería cobrar…","2025-12-12T11:50:15-07:00","1.0.20","Ni Pamplona","https://itunes.apple.com/es/reviews/id159944601","0","0","es","1","https://itunes.apple.com/es/review?id=6746781192&type=Purple%20Software","https://itunes.apple.com/es/rss/customerreviews/page=2/id=6746781192/sortby=mostrecent/json","raw/reviews/6746781192/es-2.json","2026-10-04T10:46:33.896Z","","2025-06-05T07:00:00Z","user_nominated"
"6746781192","Imposter Who? - Word Game","Sokak Technologies Inc.","Entertainment","unknown","13513482934","1","Las pistas son malísimas.","Las pistas son horribles 💜.","2025-12-14T09:36:15-07:00","1.0.20","Albertonina","https://itunes.apple.com/es/reviews/id1681126224","0","0","es","1","https://itunes.apple.com/es/review?id=6746781192&type=Purple%20Software","https://itunes.apple.com/es/rss/customerreviews/page=2/id=6746781192/sortby=mostrecent/json","raw/reviews/6746781192/es-2.json","2026-10-04T10:46:33.896Z","","2025-06-05T07:00:00Z","user_nominated"
"6746781192","Imposter Who? - Word Game","Sokak Technologies Inc.","Entertainment","unknown","13516569704","2","✔️🥸","La verdad está medio chafa, sólo se puede de tres","2025-12-15T06:11:23-07:00","1.0.20","Vianchy","https://itunes.apple.com/mx/reviews/id239153137","0","0","mx","1","https://itunes.apple.com/mx/review?id=6746781192&type=Purple%20Software","https://itunes.apple.com/mx/rss/customerreviews/page=6/id=6746781192/sortby=mostrecent/json","raw/reviews/6746781192/mx-6.json","2026-10-04T10:46:50.144Z","","2025-06-05T07:00:00Z","user_nominated"
"6746781192","Imposter Who? - Word Game","Sokak Technologies Inc.","Entertainment","unknown","13522165554","1","Malo","No deverian cobrar lo otro","2025-12-16T17:52:16-07:00","1.0.20","Mister cacacacacacacaca","https://itunes.apple.com/mx/reviews/id1801539487","0","0","mx","1","https://itunes.apple.com/mx/review?id=6746781192&type=Purple%20Software","https://itunes.apple.com/mx/rss/customerreviews/page=6/id=6746781192/sortby=mostrecent/json","raw/reviews/6746781192/mx-6.json","2026-10-04T10:46:50.144Z","","2025-06-05T07:00:00Z","user_nominated"
"6746781192","Imposter Who? - Word Game","Sokak Technologies Inc.","Entertainment","unknown","13525139058","1","Puto juego","Pone diferentes idioma es un juego de mierda inútil","2025-12-17T13:14:42-07:00","1.0.20","Juego poco divertido","https://itunes.apple.com/mx/reviews/id1343990520","0","0","mx","1","https://itunes.apple.com/mx/review?id=6746781192&type=Purple%20Software","https://itunes.apple.com/mx/rss/customerreviews/page=6/id=6746781192/sortby=mostrecent/json","raw/reviews/6746781192/mx-6.json","2026-10-04T10:46:50.144Z","","2025-06-05T07:00:00Z","user_nominated"
"6746781192","Imposter Who? - Word Game","Sokak Technologies Inc.","Entertainment","unknown","13528005653","1","Hint","Hint is very far away , we got upset","2025-12-18T08:37:36-07:00","1.0.20","Yassyyb123","https://itunes.apple.com/nl/reviews/id1771471751","0","0","nl","1","https://itunes.apple.com/nl/review?id=6746781192&type=Purple%20Software","https://itunes.apple.com/nl/rss/customerreviews/page=4/id=6746781192/sortby=mostrecent/json","raw/reviews/6746781192/nl-4.json","2026-10-04T10:30:49.867Z","","2025-06-05T07:00:00Z","user_nominated"
"6746781192","Imposter Who? - Word Game","Sokak Technologies Inc.","Entertainment","unknown","13529233074","1","Pésimo","El juego sí está muy padre y todo, pero tienes que pagar por más categoría, el cual yo pagué y fueron como 50 pesos. Automáticamente yo cancelé la suscripción para que no me cobraran y ahora resulta que ya me están bajando dinero de mi tarjeta.","2025-12-18T16:26:04-07:00","1.0.20","TE BAJAN DINERO","https://itunes.apple.com/mx/reviews/id1846497385","0","0","mx","1","https://itunes.apple.com/mx/review?id=6746781192&type=Purple%20Software","https://itunes.apple.com/mx/rss/customerreviews/page=5/id=6746781192/sortby=mostrecent/json","raw/reviews/6746781192/mx-5.json","2026-10-04T10:46:48.622Z","","2025-06-05T07:00:00Z","user_nominated"
"6746781192","Imposter Who? - Word Game","Sokak Technologies Inc.","Entertainment","unknown","13530900736","1","Not free","Please note this is not a free game.","2025-12-19T04:47:30-07:00","1.0.20","Mouse with wings","https://itunes.apple.com/gb/reviews/id254326563","0","0","gb","1","https://itunes.apple.com/gb/review?id=6746781192&type=Purple%20Software","https://itunes.apple.com/gb/rss/customerreviews/page=10/id=6746781192/sortby=mostrecent/json","raw/reviews/6746781192/gb-10.json","2026-10-04T10:46:12.300Z","","2025-06-05T07:00:00Z","user_nominated"
"6746781192","Imposter Who? - Word Game","Sokak Technologies Inc.","Entertainment","unknown","13532355812","2","Pay to win","A lot of it is pay to win you have to pay to get more themes and etc","2025-12-19T12:49:39-07:00","1.0.20","Jinxmonster12","https://itunes.apple.com/gb/reviews/id1583796075","0","0","gb","1","https://itunes.apple.com/gb/review?id=6746781192&type=Purple%20Software","https://itunes.apple.com/gb/rss/customerreviews/page=10/id=6746781192/sortby=mostrecent/json","raw/reviews/6746781192/gb-10.json","2026-10-04T10:46:12.300Z","","2025-06-05T07:00:00Z","user_nominated"
"6746781192","Imposter Who? - Word Game","Sokak Technologies Inc.","Entertainment","unknown","13537338981","2","Mislead","It’s really fun and keeps you entertained but the clues for the imposters are not related at all to the words like the word was poke ball and the imposter hint was dice","2025-12-20T20:33:09-07:00","1.0.20","Idk …???","https://itunes.apple.com/au/reviews/id485644923","0","0","au","1","https://itunes.apple.com/au/review?id=6746781192&type=Purple%20Software","https://itunes.apple.com/au/rss/customerreviews/page=6/id=6746781192/sortby=mostrecent/json","raw/reviews/6746781192/au-6.json","2026-10-04T10:46:22.393Z","","2025-06-05T07:00:00Z","user_nominated"
"6746781192","Imposter Who? - Word Game","Sokak Technologies Inc.","Entertainment","unknown","13547231951","2","game","i like playing the game but there needs to be access to different genres without having to pay .","2025-12-23T11:54:00-07:00","1.0.20","sister  rose","https://itunes.apple.com/gb/reviews/id1242546549","0","0","gb","1","https://itunes.apple.com/gb/review?id=6746781192&type=Purple%20Software","https://itunes.apple.com/gb/rss/customerreviews/page=10/id=6746781192/sortby=mostrecent/json","raw/reviews/6746781192/gb-10.json","2026-10-04T10:46:12.300Z","","2025-06-05T07:00:00Z","user_nominated"
"6746781192","Imposter Who? - Word Game","Sokak Technologies Inc.","Entertainment","unknown","13549998016","1","Can’t remove and fraudulous","Don’t install","2025-12-24T06:55:34-07:00","1.0.20","Bb-12347","https://itunes.apple.com/be/reviews/id1870698869","0","0","be","1","https://itunes.apple.com/be/review?id=6746781192&type=Purple%20Software","https://itunes.apple.com/be/rss/customerreviews/page=1/id=6746781192/sortby=mostrecent/json","raw/reviews/6746781192/be-1.json","2026-10-04T10:30:55.290Z","","2025-06-05T07:00:00Z","user_nominated"
"6746781192","Imposter Who? - Word Game","Sokak Technologies Inc.","Entertainment","unknown","13553541567","1","The worst game do not play","This game has always the same words if you don’t play to change it knot animals logos and stuff do not play because you have to pay so much and I’m never playing it I’m switching to other games","2025-12-25T07:03:08-07:00","1.0.20","whooswhoandwoh","https://itunes.apple.com/gb/reviews/id1849518254","0","0","gb","1","https://itunes.apple.com/gb/review?id=6746781192&type=Purple%20Software","https://itunes.apple.com/gb/rss/customerreviews/page=10/id=6746781192/sortby=mostrecent/json","raw/reviews/6746781192/gb-10.json","2026-10-04T10:46:12.300Z","","2025-06-05T07:00:00Z","user_nominated"
"6746781192","Imposter Who? - Word Game","Sokak Technologies Inc.","Entertainment","unknown","13555032291","1","Dih","Dih","2025-12-25T15:52:48-07:00","1.0.20","Dih5000","https://itunes.apple.com/ie/reviews/id1785896558","0","0","ie","1","https://itunes.apple.com/ie/review?id=6746781192&type=Purple%20Software","https://itunes.apple.com/ie/rss/customerreviews/page=1/id=6746781192/sortby=mostrecent/json","raw/reviews/6746781192/ie-1.json","2026-10-04T10:26:09.099Z","","2025-06-05T07:00:00Z","user_nominated"
"6746781192","Imposter Who? - Word Game","Sokak Technologies Inc.","Entertainment","unknown","13559167384","1","Jogo","Ele até que é bom mais tem vez que vai 3 vezes a mesma pessoa","2025-12-26T18:02:22-07:00","1.0.20","Estrelas sim ou não","https://itunes.apple.com/br/reviews/id1670470615","0","1","br","1","https://itunes.apple.com/br/review?id=6746781192&type=Purple%20Software","https://itunes.apple.com/br/rss/customerreviews/page=3/id=6746781192/sortby=mostrecent/json","raw/reviews/6746781192/br-3.json","2026-10-04T10:31:00.927Z","","2025-06-05T07:00:00Z","user_nominated"
"6746781192","Imposter Who? - Word Game","Sokak Technologies Inc.","Entertainment","unknown","13564155900","1","Skibiidi","Ths wes wellly bussing and rizzee 4 me fronds","2025-12-28T01:31:24-07:00","1.0.20","Pro938","https://itunes.apple.com/au/reviews/id1040934495","0","0","au","1","https://itunes.apple.com/au/review?id=6746781192&type=Purple%20Software","https://itunes.apple.com/au/rss/customerreviews/page=6/id=6746781192/sortby=mostrecent/json","raw/reviews/6746781192/au-6.json","2026-10-04T10:46:22.393Z","","2025-06-05T07:00:00Z","user_nominated"
"6746781192","Imposter Who? - Word Game","Sokak Technologies Inc.","Entertainment","unknown","13569838767","1","Review","What a fun game, I played it with friends- best night ever!!!

I would recommend,

1 star","2025-12-29T10:24:02-07:00","1.0.20","Lukypuky<3Eva","https://itunes.apple.com/za/reviews/id1872902522","0","0","za","1","https://itunes.apple.com/za/review?id=6746781192&type=Purple%20Software","https://itunes.apple.com/za/rss/customerreviews/page=1/id=6746781192/sortby=mostrecent/json","raw/reviews/6746781192/za-1.json","2026-10-04T10:31:10.251Z","","2025-06-05T07:00:00Z","user_nominated"
"6746781192","Imposter Who? - Word Game","Sokak Technologies Inc.","Entertainment","unknown","13576850526","1","The imposter needs a  “hint” word to commence","It’s obvious who the faker is unless you give them a hint or phrase to commence their first round","2025-12-31T05:21:02-07:00","1.0.20","heidicarroll78","https://itunes.apple.com/au/reviews/id433898110","0","0","au","1","https://itunes.apple.com/au/review?id=6746781192&type=Purple%20Software","https://itunes.apple.com/au/rss/customerreviews/page=6/id=6746781192/sortby=mostrecent/json","raw/reviews/6746781192/au-6.json","2026-10-04T10:46:22.393Z","","2025-06-05T07:00:00Z","user_nominated"
"6746781192","Imposter Who? - Word Game","Sokak Technologies Inc.","Entertainment","unknown","13580211997","1","Siempre la misma es el impostor","A maria mwrcedes siempre le tocó ser el impostor como 6 veces seguidas","2026-01-01T00:46:42-07:00","1.0.20","La bocina","https://itunes.apple.com/mx/reviews/id1872533733","0","0","mx","1","https://itunes.apple.com/mx/review?id=6746781192&type=Purple%20Software","https://itunes.apple.com/mx/rss/customerreviews/page=4/id=6746781192/sortby=mostrecent/json","raw/reviews/6746781192/mx-4.json","2026-10-04T10:46:47.107Z","","2025-06-05T07:00:00Z","user_nominated"
"6746781192","Imposter Who? - Word Game","Sokak Technologies Inc.","Entertainment","unknown","13582862732","1","No me gusto","Pague 49 pesos y no se pudo jugar en grupo y no se le puedo cambiar el idioma de inglés a español","2026-01-01T15:32:09-07:00","1.0.20","Piragua3000","https://itunes.apple.com/mx/reviews/id238447697","0","0","mx","1","https://itunes.apple.com/mx/review?id=6746781192&type=Purple%20Software","https://itunes.apple.com/mx/rss/customerreviews/page=4/id=6746781192/sortby=mostrecent/json","raw/reviews/6746781192/mx-4.json","2026-10-04T10:46:47.107Z","","2025-06-05T07:00:00Z","user_nominated"
"6746781192","Imposter Who? - Word Game","Sokak Technologies Inc.","Entertainment","unknown","13586688223","2","Buono","Buona","2026-01-02T12:30:38-07:00","1.0.20","Non faccio sponsor","https://itunes.apple.com/it/reviews/id1829037742","0","0","it","1","https://itunes.apple.com/it/review?id=6746781192&type=Purple%20Software","https://itunes.apple.com/it/rss/customerreviews/page=1/id=6746781192/sortby=mostrecent/json","raw/reviews/6746781192/it-1.json","2026-10-04T10:30:44.256Z","","2025-06-05T07:00:00Z","user_nominated"
"6746781192","Imposter Who? - Word Game","Sokak Technologies Inc.","Entertainment","unknown","13587418365","1","muito mal codado","o jogo apresenta falhas quanto a organização e a separação da ordem dos impostores da partida, o que analogamente, prejudica de certo modo a diversão e o emocional dos jogadores, favor deletar","2026-01-02T16:40:05-07:00","1.0.20","melhora urgente triste","https://itunes.apple.com/br/reviews/id1795670917","0","0","br","1","https://itunes.apple.com/br/review?id=6746781192&type=Purple%20Software","https://itunes.apple.com/br/rss/customerreviews/page=3/id=6746781192/sortby=mostrecent/json","raw/reviews/6746781192/br-3.json","2026-10-04T10:31:00.927Z","","2025-06-05T07:00:00Z","user_nominated"
"6746781192","Imposter Who? - Word Game","Sokak Technologies Inc.","Entertainment","unknown","13587501716","1","bastardos","no me deja poner impostor","2026-01-02T17:08:17-07:00","1.0.20","pppaaaooo3","https://itunes.apple.com/es/reviews/id1556759310","0","0","es","1","https://itunes.apple.com/es/review?id=6746781192&type=Purple%20Software","https://itunes.apple.com/es/rss/customerreviews/page=2/id=6746781192/sortby=mostrecent/json","raw/reviews/6746781192/es-2.json","2026-10-04T10:46:33.896Z","","2025-06-05T07:00:00Z","user_nominated"
"6746781192","Imposter Who? - Word Game","Sokak Technologies Inc.","Entertainment","unknown","13591971432","1","Não dá","Esse jogo não dá, cheio de bugs e criou discórdia no Grupo","2026-01-03T18:46:55-07:00","1.0.20","ThziinN777","https://itunes.apple.com/br/reviews/id1875151964","0","0","br","1","https://itunes.apple.com/br/review?id=6746781192&type=Purple%20Software","https://itunes.apple.com/br/rss/customerreviews/page=3/id=6746781192/sortby=mostrecent/json","raw/reviews/6746781192/br-3.json","2026-10-04T10:31:00.927Z","","2025-06-05T07:00:00Z","user_nominated"
"6746781192","Imposter Who? - Word Game","Sokak Technologies Inc.","Entertainment","unknown","13593479040","1","Het is fantastisch","Het is een leuk spel omdat je het met veel mensen kan spelen en je leert meer over onderwerpen","2026-01-04T04:54:24-07:00","1.0.20","Best thing kids","https://itunes.apple.com/nl/reviews/id1815349122","0","0","nl","1","https://itunes.apple.com/nl/review?id=6746781192&type=Purple%20Software","https://itunes.apple.com/nl/rss/customerreviews/page=3/id=6746781192/sortby=mostrecent/json","raw/reviews/6746781192/nl-3.json","2026-10-04T10:30:48.430Z","","2025-06-05T07:00:00Z","user_nominated"
"6746781192","Imposter Who? - Word Game","Sokak Technologies Inc.","Entertainment","unknown","13596919193","1","Game","The hints are horrible the word was just juice how does fear come into it 
The hints barley make sense to the word","2026-01-05T01:15:02-07:00","1.0.20","G cay","https://itunes.apple.com/nz/reviews/id1875652714","0","0","nz","1","https://itunes.apple.com/nz/review?id=6746781192&type=Purple%20Software","https://itunes.apple.com/nz/rss/customerreviews/page=1/id=6746781192/sortby=mostrecent/json","raw/reviews/6746781192/nz-1-empty-recheck.json","2026-10-04T10:46:28.049Z","","2025-06-05T07:00:00Z","user_nominated"
"6746781192","Imposter Who? - Word Game","Sokak Technologies Inc.","Entertainment","unknown","13604037977","2","More details","To add more details and to top it off play with a ai computer but a safe ai coumpter so please listen and don’t judge","2026-01-06T20:32:49-07:00","1.0.20","N o guys","https://itunes.apple.com/au/reviews/id1697830053","0","0","au","1","https://itunes.apple.com/au/review?id=6746781192&type=Purple%20Software","https://itunes.apple.com/au/rss/customerreviews/page=5/id=6746781192/sortby=mostrecent/json","raw/reviews/6746781192/au-5.json","2026-10-04T10:46:20.831Z","","2025-06-05T07:00:00Z","user_nominated"
"6746781192","Imposter Who? - Word Game","Sokak Technologies Inc.","Entertainment","unknown","13606086252","1","THE BEST GAME EVER","this game is a lfe saver since other imposter games rotate the same words repeatedly this game is very fun","2026-01-07T09:24:35-07:00","1.0.20","kiki✨✨","https://itunes.apple.com/gb/reviews/id1153878553","0","0","gb","1","https://itunes.apple.com/gb/review?id=6746781192&type=Purple%20Software","https://itunes.apple.com/gb/rss/customerreviews/page=8/id=6746781192/sortby=mostrecent/json","raw/reviews/6746781192/gb-8.json","2026-10-04T10:46:09.412Z","","2025-06-05T07:00:00Z","user_nominated"
"6746781192","Imposter Who? - Word Game","Sokak Technologies Inc.","Entertainment","unknown","13618813998","1","M3","Vaker iemand is dubbel imposter","2026-01-10T14:40:17-07:00","1.0.20","MA2M@","https://itunes.apple.com/nl/reviews/id350215253","0","0","nl","1","https://itunes.apple.com/nl/review?id=6746781192&type=Purple%20Software","https://itunes.apple.com/nl/rss/customerreviews/page=3/id=6746781192/sortby=mostrecent/json","raw/reviews/6746781192/nl-3.json","2026-10-04T10:30:48.430Z","","2025-06-05T07:00:00Z","user_nominated"
"6746781192","Imposter Who? - Word Game","Sokak Technologies Inc.","Entertainment","unknown","13619707197","1","no money","why do i need to pay for good games
i have no money","2026-01-10T20:16:03-07:00","1.0.20","sillybillybum","https://itunes.apple.com/au/reviews/id736230766","0","0","au","1","https://itunes.apple.com/au/review?id=6746781192&type=Purple%20Software","https://itunes.apple.com/au/rss/customerreviews/page=5/id=6746781192/sortby=mostrecent/json","raw/reviews/6746781192/au-5.json","2026-10-04T10:46:20.831Z","","2025-06-05T07:00:00Z","user_nominated"
"6746781192","Imposter Who? - Word Game","Sokak Technologies Inc.","Entertainment","unknown","13620735647","2","Harshika Mittal","It’s a good game to play with your cousins or family","2026-01-11T03:33:11-07:00","1.0.20","Harshika Mittal","https://itunes.apple.com/in/reviews/id1591803846","0","0","in","1","https://itunes.apple.com/in/review?id=6746781192&type=Purple%20Software","https://itunes.apple.com/in/rss/customerreviews/page=1/id=6746781192/sortby=mostrecent/json","raw/reviews/6746781192/in-1.json","2026-10-04T10:31:06.177Z","","2025-06-05T07:00:00Z","user_nominated"
"6746781192","Imposter Who? - Word Game","Sokak Technologies Inc.","Entertainment","unknown","13640003314","1","L game","Very boring without money","2026-01-16T06:13:50-07:00","1.0.20","Aspect:)","https://itunes.apple.com/gb/reviews/id1213245610","0","0","gb","1","https://itunes.apple.com/gb/review?id=6746781192&type=Purple%20Software","https://itunes.apple.com/gb/rss/customerreviews/page=8/id=6746781192/sortby=mostrecent/json","raw/reviews/6746781192/gb-8.json","2026-10-04T10:46:09.412Z","","2025-06-05T07:00:00Z","user_nominated"
"6746781192","Imposter Who? - Word Game","Sokak Technologies Inc.","Entertainment","unknown","13677676746","1","this game sucks","do not download","2026-01-26T05:08:35-07:00","1.0.20","sofia valenti","https://itunes.apple.com/gb/reviews/id844460103","0","0","gb","1","https://itunes.apple.com/gb/review?id=6746781192&type=Purple%20Software","https://itunes.apple.com/gb/rss/customerreviews/page=7/id=6746781192/sortby=mostrecent/json","raw/reviews/6746781192/gb-7.json","2026-10-04T10:46:07.928Z","","2025-06-05T07:00:00Z","user_nominated"
"6746781192","Imposter Who? - Word Game","Sokak Technologies Inc.","Entertainment","unknown","13687437296","2","Yoo","Muy buenaaa","2026-01-28T18:02:29-07:00","1.0.20","AngelVOO2","https://itunes.apple.com/mx/reviews/id1884663374","0","0","mx","1","https://itunes.apple.com/mx/review?id=6746781192&type=Purple%20Software","https://itunes.apple.com/mx/rss/customerreviews/page=2/id=6746781192/sortby=mostrecent/json","raw/reviews/6746781192/mx-2.json","2026-10-04T10:46:43.944Z","","2025-06-05T07:00:00Z","user_nominated"
"6746781192","Imposter Who? - Word Game","Sokak Technologies Inc.","Entertainment","unknown","13688577281","1","Imposter","Yeah great game tbf","2026-01-29T02:34:03-07:00","1.0.20","tristanpppp","https://itunes.apple.com/gb/reviews/id1093756685","0","0","gb","1","https://itunes.apple.com/gb/review?id=6746781192&type=Purple%20Software","https://itunes.apple.com/gb/rss/customerreviews/page=7/id=6746781192/sortby=mostrecent/json","raw/reviews/6746781192/gb-7.json","2026-10-04T10:46:07.928Z","","2025-06-05T07:00:00Z","user_nominated"
"6746781192","Imposter Who? - Word Game","Sokak Technologies Inc.","Entertainment","unknown","13696645309","1","Pfft","Pfft","2026-01-31T04:37:44-07:00","1.0.20","Dj hado fam","https://itunes.apple.com/gb/reviews/id1885609966","0","0","gb","1","https://itunes.apple.com/gb/review?id=6746781192&type=Purple%20Software","https://itunes.apple.com/gb/rss/customerreviews/page=7/id=6746781192/sortby=mostrecent/json","raw/reviews/6746781192/gb-7.json","2026-10-04T10:46:07.928Z","","2025-06-05T07:00:00Z","user_nominated"
"6746781192","Imposter Who? - Word Game","Sokak Technologies Inc.","Entertainment","unknown","13699323270","1","Muy malo","Pésimo todo cuesta","2026-01-31T19:33:21-07:00","1.0.20","MEJOR QUE SIMPLY PIANO","https://itunes.apple.com/mx/reviews/id1116990087","0","0","mx","1","https://itunes.apple.com/mx/review?id=6746781192&type=Purple%20Software","https://itunes.apple.com/mx/rss/customerreviews/page=2/id=6746781192/sortby=mostrecent/json","raw/reviews/6746781192/mx-2.json","2026-10-04T10:46:43.944Z","","2025-06-05T07:00:00Z","user_nominated"
"6746781192","Imposter Who? - Word Game","Sokak Technologies Inc.","Entertainment","unknown","13714911281","1","So bad always same imposter","Costs money to play if you don't pay then you only have one category with the same imposter the whole time in all the rounds don't waste your time playing this get a better game this is so bad I'm so disappointed","2026-02-05T01:03:00-07:00","1.0.20","amy.n1331","https://itunes.apple.com/gb/reviews/id1866012419","0","0","gb","1","https://itunes.apple.com/gb/review?id=6746781192&type=Purple%20Software","https://itunes.apple.com/gb/rss/customerreviews/page=7/id=6746781192/sortby=mostrecent/json","raw/reviews/6746781192/gb-7.json","2026-10-04T10:46:07.928Z","","2025-06-05T07:00:00Z","user_nominated"
"6746781192","Imposter Who? - Word Game","Sokak Technologies Inc.","Entertainment","unknown","13722170046","1","me cobrou algo que eu não queria","pessimo","2026-02-07T00:11:29-07:00","1.0.20","bamskdlaknas","https://itunes.apple.com/br/reviews/id1181338641","0","0","br","1","https://itunes.apple.com/br/review?id=6746781192&type=Purple%20Software","https://itunes.apple.com/br/rss/customerreviews/page=2/id=6746781192/sortby=mostrecent/json","raw/reviews/6746781192/br-2.json","2026-10-04T10:30:59.429Z","","2025-06-05T07:00:00Z","user_nominated"
"6746781192","Imposter Who? - Word Game","Sokak Technologies Inc.","Entertainment","unknown","13737655673","1","Imposter","The imposter should not be the first person","2026-02-11T05:51:37-07:00","1.0.20","Asfvdghv","https://itunes.apple.com/au/reviews/id830477035","0","0","au","1","https://itunes.apple.com/au/review?id=6746781192&type=Purple%20Software","https://itunes.apple.com/au/rss/customerreviews/page=4/id=6746781192/sortby=mostrecent/json","raw/reviews/6746781192/au-4.json","2026-10-04T10:46:19.381Z","","2025-06-05T07:00:00Z","user_nominated"
"6746781192","Imposter Who? - Word Game","Sokak Technologies Inc.","Entertainment","unknown","13745206225","1","Review","You cat actually play online so it’s not very good","2026-02-13T08:42:37-07:00","1.0.20","AKAASH 2022","https://itunes.apple.com/gb/reviews/id1365443480","0","0","gb","1","https://itunes.apple.com/gb/review?id=6746781192&type=Purple%20Software","https://itunes.apple.com/gb/rss/customerreviews/page=7/id=6746781192/sortby=mostrecent/json","raw/reviews/6746781192/gb-7.json","2026-10-04T10:46:07.928Z","","2025-06-05T07:00:00Z","user_nominated"
"6746781192","Imposter Who? - Word Game","Sokak Technologies Inc.","Entertainment","unknown","13749010214","1","Premium","Ik wil niet betalen voor deze am gwn omdat ik met mijn familie wil spelen","2026-02-14T09:36:54-07:00","1.0.20","Wat een flutspel","https://itunes.apple.com/be/reviews/id1846887008","0","0","be","1","https://itunes.apple.com/be/review?id=6746781192&type=Purple%20Software","https://itunes.apple.com/be/rss/customerreviews/page=1/id=6746781192/sortby=mostrecent/json","raw/reviews/6746781192/be-1.json","2026-10-04T10:30:55.290Z","","2025-06-05T07:00:00Z","user_nominated"
"6746781192","Imposter Who? - Word Game","Sokak Technologies Inc.","Entertainment","unknown","13759450085","1","Overhyped","There is like no point unless you pay","2026-02-17T08:01:43-07:00","1.0.20","Jjsejeueje aniya","https://itunes.apple.com/us/reviews/id1648046398","0","0","us","1","https://itunes.apple.com/us/review?id=6746781192&type=Purple%20Software","https://itunes.apple.com/us/rss/customerreviews/page=10/id=6746781192/sortby=mostrecent/json","raw/reviews/6746781192/us-10.json","2026-10-04T10:46:00.031Z","","2025-06-05T07:00:00Z","user_nominated"
"6746781192","Imposter Who? - Word Game","Sokak Technologies Inc.","Entertainment","unknown","13774846874","2","Bad","Not getting the hint words when you’re impostor","2026-02-21T14:57:03-07:00","1.0.20","Gracie_c0x","https://itunes.apple.com/gb/reviews/id1813508299","0","0","gb","1","https://itunes.apple.com/gb/review?id=6746781192&type=Purple%20Software","https://itunes.apple.com/gb/rss/customerreviews/page=6/id=6746781192/sortby=mostrecent/json","raw/reviews/6746781192/gb-6.json","2026-10-04T10:46:06.402Z","","2025-06-05T07:00:00Z","user_nominated"
"6746781192","Imposter Who? - Word Game","Sokak Technologies Inc.","Entertainment","unknown","13780313291","1","It is cra cra","It is not good","2026-02-23T04:39:29-07:00","1.0.20","Zz mc. Cra","https://itunes.apple.com/us/reviews/id1824780109","0","0","us","1","https://itunes.apple.com/us/review?id=6746781192&type=Purple%20Software","https://itunes.apple.com/us/rss/customerreviews/page=10/id=6746781192/sortby=mostrecent/json","raw/reviews/6746781192/us-10.json","2026-10-04T10:46:00.031Z","","2025-06-05T07:00:00Z","user_nominated"
"6746781192","Imposter Who? - Word Game","Sokak Technologies Inc.","Entertainment","unknown","13801397522","1","Pistas","No tienen nada que ver con la pinche palabra","2026-02-28T23:33:07-07:00","1.0.21","Mjqrzasa","https://itunes.apple.com/mx/reviews/id333654213","0","0","mx","1","https://itunes.apple.com/mx/review?id=6746781192&type=Purple%20Software","https://itunes.apple.com/mx/rss/customerreviews/page=2/id=6746781192/sortby=mostrecent/json","raw/reviews/6746781192/mx-2.json","2026-10-04T10:46:43.944Z","","2025-06-05T07:00:00Z","user_nominated"
"6746781192","Imposter Who? - Word Game","Sokak Technologies Inc.","Entertainment","unknown","13803197974","2","i am NOT paying for premium brotato🫩","yall are cornballs","2026-03-01T10:23:11-07:00","1.0.21","Elias Razvan","https://itunes.apple.com/us/reviews/id1495880321","0","0","us","1","https://itunes.apple.com/us/review?id=6746781192&type=Purple%20Software","https://itunes.apple.com/us/rss/customerreviews/page=10/id=6746781192/sortby=mostrecent/json","raw/reviews/6746781192/us-10.json","2026-10-04T10:46:00.031Z","","2025-06-05T07:00:00Z","user_nominated"
"6746781192","Imposter Who? - Word Game","Sokak Technologies Inc.","Entertainment","unknown","13820286446","1","Plz fix","I love this game but i wish i could have like the animals and stuff, i dont want to have to play for somhh to ing","2026-03-06T09:24:01-07:00","1.0.21","Jj 1lovefood","https://itunes.apple.com/us/reviews/id1783047466","0","0","us","1","https://itunes.apple.com/us/review?id=6746781192&type=Purple%20Software","https://itunes.apple.com/us/rss/customerreviews/page=9/id=6746781192/sortby=mostrecent/json","raw/reviews/6746781192/us-9.json","2026-10-04T10:45:58.581Z","","2025-06-05T07:00:00Z","user_nominated"
"6746781192","Imposter Who? - Word Game","Sokak Technologies Inc.","Entertainment","unknown","13824238655","1","Sorry","When I was playing with my friends we got all different words and when I showed it all like to the group we are they got the same answer. We got like the same words and and two people rang Imposter at the same time, and I only put one imposter and one on when I put only famous people gave us food. it’s like giving us each different words and more than one person imposter and imposter hints when I never put imposter hands on. and troll mode is not on.","2026-03-07T11:32:04-07:00","1.0.21","Ggthuhhh","https://itunes.apple.com/us/reviews/id1589902969","0","0","us","1","https://itunes.apple.com/us/review?id=6746781192&type=Purple%20Software","https://itunes.apple.com/us/rss/customerreviews/page=9/id=6746781192/sortby=mostrecent/json","raw/reviews/6746781192/us-9.json","2026-10-04T10:45:58.581Z","","2025-06-05T07:00:00Z","user_nominated"
"6746781192","Imposter Who? - Word Game","Sokak Technologies Inc.","Entertainment","unknown","13824366945","2","It showed us all the winners","We were playing the game and we saw that one of the players were not the imposter but there name was in the imposter.","2026-03-07T12:20:20-07:00","1.0.21","sarthaktalreja","https://itunes.apple.com/in/reviews/id667677824","0","0","in","1","https://itunes.apple.com/in/review?id=6746781192&type=Purple%20Software","https://itunes.apple.com/in/rss/customerreviews/page=1/id=6746781192/sortby=mostrecent/json","raw/reviews/6746781192/in-1.json","2026-10-04T10:31:06.177Z","","2025-06-05T07:00:00Z","user_nominated"
"6746781192","Imposter Who? - Word Game","Sokak Technologies Inc.","Entertainment","unknown","13827083272","1","The Day Of Pipi Boy And Oussi Possi","I Was Once Playing A Game Of Rocket League When This Guy Called Pipi Boy Teamed Up With Oussi Possi And Farted On My Car. it was smelt so bad, it became a hit pop song Called “The Farmed Poo Of Possui Pipi Oussi Boy” this song was stolen and i figured he was the imposter of this game so we snet him back to the lobby and then duoble pumped his team into mars olympus cat","2026-03-08T08:14:56-07:00","1.0.21","Madihamohammad","https://itunes.apple.com/gb/reviews/id1353336494","0","0","gb","1","https://itunes.apple.com/gb/review?id=6746781192&type=Purple%20Software","https://itunes.apple.com/gb/rss/customerreviews/page=6/id=6746781192/sortby=mostrecent/json","raw/reviews/6746781192/gb-6.json","2026-10-04T10:46:06.402Z","","2025-06-05T07:00:00Z","user_nominated"
"6746781192","Imposter Who? - Word Game","Sokak Technologies Inc.","Entertainment","unknown","13827615144","1","Dit scheetje kost geld","Leuke spel zeg","2026-03-08T11:14:10-07:00","1.0.21","DUGDDBSJ","https://itunes.apple.com/nl/reviews/id1562499152","0","0","nl","1","https://itunes.apple.com/nl/review?id=6746781192&type=Purple%20Software","https://itunes.apple.com/nl/rss/customerreviews/page=3/id=6746781192/sortby=mostrecent/json","raw/reviews/6746781192/nl-3.json","2026-10-04T10:30:48.430Z","","2025-06-05T07:00:00Z","user_nominated"
"6746781192","Imposter Who? - Word Game","Sokak Technologies Inc.","Entertainment","unknown","13848035476","2","Hi","Need to have more subjects free","2026-03-14T11:07:40-07:00","1.0.21","Lainyyyyyy55","https://itunes.apple.com/us/reviews/id1879387343","0","0","us","1","https://itunes.apple.com/us/review?id=6746781192&type=Purple%20Software","https://itunes.apple.com/us/rss/customerreviews/page=9/id=6746781192/sortby=mostrecent/json","raw/reviews/6746781192/us-9.json","2026-10-04T10:45:58.581Z","","2025-06-05T07:00:00Z","user_nominated"
"6746781192","Imposter Who? - Word Game","Sokak Technologies Inc.","Entertainment","unknown","13848234263","1","Horrible","0.2/5","2026-03-14T12:19:23-07:00","1.0.23","Mila encino","https://itunes.apple.com/us/reviews/id1170548075","0","0","us","1","https://itunes.apple.com/us/review?id=6746781192&type=Purple%20Software","https://itunes.apple.com/us/rss/customerreviews/page=9/id=6746781192/sortby=mostrecent/json","raw/reviews/6746781192/us-9.json","2026-10-04T10:45:58.581Z","","2025-06-05T07:00:00Z","user_nominated"
"6746781192","Imposter Who? - Word Game","Sokak Technologies Inc.","Entertainment","unknown","13850925924","1","imposter who","charges you twice.","2026-03-15T07:22:21-07:00","1.0.23","hsisidhd","https://itunes.apple.com/us/reviews/id977848692","0","0","us","1","https://itunes.apple.com/us/review?id=6746781192&type=Purple%20Software","https://itunes.apple.com/us/rss/customerreviews/page=9/id=6746781192/sortby=mostrecent/json","raw/reviews/6746781192/us-9.json","2026-10-04T10:45:58.581Z","","2025-06-05T07:00:00Z","user_nominated"
"6746781192","Imposter Who? - Word Game","Sokak Technologies Inc.","Entertainment","unknown","13858855000","1","What?","I don’t understand what is this how do I play if I know what exactly what everyone is terrible game do not recommend!","2026-03-17T13:37:58-07:00","1.0.23","Person #5 hurry","https://itunes.apple.com/us/reviews/id1482263611","0","0","us","1","https://itunes.apple.com/us/review?id=6746781192&type=Purple%20Software","https://itunes.apple.com/us/rss/customerreviews/page=8/id=6746781192/sortby=mostrecent/json","raw/reviews/6746781192/us-8.json","2026-10-04T10:45:57.086Z","","2025-06-05T07:00:00Z","user_nominated"
"6746781192","Imposter Who? - Word Game","Sokak Technologies Inc.","Entertainment","unknown","13862246470","1","Hhh","Hhh","2026-03-18T13:24:47-07:00","1.0.23","Lavinia Marques de Barros","https://itunes.apple.com/br/reviews/id1748910530","0","0","br","1","https://itunes.apple.com/br/review?id=6746781192&type=Purple%20Software","https://itunes.apple.com/br/rss/customerreviews/page=2/id=6746781192/sortby=mostrecent/json","raw/reviews/6746781192/br-2.json","2026-10-04T10:30:59.429Z","","2025-06-05T07:00:00Z","user_nominated"
"6746781192","Imposter Who? - Word Game","Sokak Technologies Inc.","Entertainment","unknown","13871786155","2","Hi","This game is nice","2026-03-21T07:54:17-07:00","1.0.23","Msuthu.com","https://itunes.apple.com/za/reviews/id1168432156","0","0","za","1","https://itunes.apple.com/za/review?id=6746781192&type=Purple%20Software","https://itunes.apple.com/za/rss/customerreviews/page=1/id=6746781192/sortby=mostrecent/json","raw/reviews/6746781192/za-1.json","2026-10-04T10:31:10.251Z","","2025-06-05T07:00:00Z","user_nominated"
"6746781192","Imposter Who? - Word Game","Sokak Technologies Inc.","Entertainment","unknown","13873876370","1","Pay 2 Win","Why u guys r p2w সমক্ষমহজ্মফন্দ্যাঞ্জদ হ্দিত্যেউত্দিদীয়দীত্দ","2026-03-21T21:29:30-07:00","1.0.23","Runa _ Ahmed","https://itunes.apple.com/au/reviews/id980898494","0","0","au","1","https://itunes.apple.com/au/review?id=6746781192&type=Purple%20Software","https://itunes.apple.com/au/rss/customerreviews/page=4/id=6746781192/sortby=mostrecent/json","raw/reviews/6746781192/au-4.json","2026-10-04T10:46:19.381Z","","2025-06-05T07:00:00Z","user_nominated"
"6746781192","Imposter Who? - Word Game","Sokak Technologies Inc.","Entertainment","unknown","13897605710","1","Imposter","I love it","2026-03-28T14:08:47-07:00","1.0.23","5’s","https://itunes.apple.com/us/reviews/id21542568","0","0","us","1","https://itunes.apple.com/us/review?id=6746781192&type=Purple%20Software","https://itunes.apple.com/us/rss/customerreviews/page=8/id=6746781192/sortby=mostrecent/json","raw/reviews/6746781192/us-8.json","2026-10-04T10:45:57.086Z","","2025-06-05T07:00:00Z","user_nominated"
"6746781192","Imposter Who? - Word Game","Sokak Technologies Inc.","Entertainment","unknown","13898550275","2","Inaccurate and full of mistakes","Great potential, but full of mistakes. Many times, the hints have nothing to do with the final word. We can put four players in, but it still comes up with five players. Needs a lot of fixing.","2026-03-28T20:44:24-07:00","1.0.23","Marc0007","https://itunes.apple.com/us/reviews/id49584556","0","0","us","1","https://itunes.apple.com/us/review?id=6746781192&type=Purple%20Software","https://itunes.apple.com/us/rss/customerreviews/page=8/id=6746781192/sortby=mostrecent/json","raw/reviews/6746781192/us-8.json","2026-10-04T10:45:57.086Z","","2025-06-05T07:00:00Z","user_nominated"
"6746781192","Imposter Who? - Word Game","Sokak Technologies Inc.","Entertainment","unknown","13902299860","1","No salir anuncios","No salir anuncios
Para no molestar por favor","2026-03-29T22:03:57-07:00","1.0.23","Ño anunció","https://itunes.apple.com/mx/reviews/id1832770337","0","0","mx","1","https://itunes.apple.com/mx/review?id=6746781192&type=Purple%20Software","https://itunes.apple.com/mx/rss/customerreviews/page=1/id=6746781192/sortby=mostrecent/json","raw/reviews/6746781192/mx-1-empty-recheck.json","2026-10-04T10:46:42.395Z","","2025-06-05T07:00:00Z","user_nominated"
"6746781192","Imposter Who? - Word Game","Sokak Technologies Inc.","Entertainment","unknown","13916696146","1","Le tenia fe 😡🤬","No puedo entrar al juego bueno más bien no puedo jugar le pico  a siguiente ronda y no pasa nada","2026-04-02T22:20:14-07:00","1.0.23","Mariel🖤🪐","https://itunes.apple.com/mx/reviews/id1723233749","0","0","mx","1","https://itunes.apple.com/mx/review?id=6746781192&type=Purple%20Software","https://itunes.apple.com/mx/rss/customerreviews/page=1/id=6746781192/sortby=mostrecent/json","raw/reviews/6746781192/mx-1-empty-recheck.json","2026-10-04T10:46:42.395Z","","2025-06-05T07:00:00Z","user_nominated"
"6746781192","Imposter Who? - Word Game","Sokak Technologies Inc.","Entertainment","unknown","13937929539","1","Recording + recommendation","This app for playing Imposter is overall perfect! Except for me. I find the recording thing kind of weird. Don’t know why we have to do that? Out of 10, I would rate it 9.5/10! But, I have another recommendation. Try downloading “Imposter Game: Party Edition!” It’s actually pretty nice. Give it a try!","2026-04-08T20:31:24-07:00","1.0.23","HelloHelloJello2","https://itunes.apple.com/us/reviews/id1716559397","0","0","us","1","https://itunes.apple.com/us/review?id=6746781192&type=Purple%20Software","https://itunes.apple.com/us/rss/customerreviews/page=7/id=6746781192/sortby=mostrecent/json","raw/reviews/6746781192/us-7.json","2026-10-04T10:45:55.574Z","","2025-06-05T07:00:00Z","user_nominated"
"6746781192","Imposter Who? - Word Game","Sokak Technologies Inc.","Entertainment","unknown","13938437802","1","Picha","El juego es para putas","2026-04-09T00:51:49-07:00","1.0.23","Morata niño polla","https://itunes.apple.com/es/reviews/id1909620510","0","0","es","1","https://itunes.apple.com/es/review?id=6746781192&type=Purple%20Software","https://itunes.apple.com/es/rss/customerreviews/page=1/id=6746781192/sortby=mostrecent/json","raw/reviews/6746781192/es-1-empty-recheck.json","2026-10-04T10:46:32.387Z","","2025-06-05T07:00:00Z","user_nominated"
"6746781192","Imposter Who? - Word Game","Sokak Technologies Inc.","Entertainment","unknown","13945865486","1","$","To expensive buddy","2026-04-11T02:50:10-07:00","1.0.23","Zayd ibn Faiq al warri wa ma","https://itunes.apple.com/au/reviews/id1746262224","0","0","au","1","https://itunes.apple.com/au/review?id=6746781192&type=Purple%20Software","https://itunes.apple.com/au/rss/customerreviews/page=3/id=6746781192/sortby=mostrecent/json","raw/reviews/6746781192/au-3.json","2026-10-04T10:46:17.883Z","","2025-06-05T07:00:00Z","user_nominated"
"6746781192","Imposter Who? - Word Game","Sokak Technologies Inc.","Entertainment","unknown","13948264730","1","I almost died","My friend Liam Kunderman was the imposter and he lost so proceeded to summon tung tung sahur and he actually came to life and 🍇 me and all my friends I cant walk and am stuck scrolling on ph shorties on da hub all thanks to this terrible game.  I would not wish this on my worst enemy . Then teddy g my other friend proceeded to beat the brakes off Liam Kunderman after he was screaming city boy because he was possessed by the evil tung. My mom came in I had my massage gun and special vr headset 🧡 🖤 then the hand sanitizer ran out so I had to use toothpaste. Prolly would not play this game if your looking for a good time ruined my whole night.","2026-04-11T17:19:22-07:00","1.0.23","67iam","https://itunes.apple.com/us/reviews/id1177877254","2","2","us","1","https://itunes.apple.com/us/review?id=6746781192&type=Purple%20Software","https://itunes.apple.com/us/rss/customerreviews/page=7/id=6746781192/sortby=mostrecent/json","raw/reviews/6746781192/us-7.json","2026-10-04T10:45:55.574Z","","2025-06-05T07:00:00Z","user_nominated"
"6746781192","Imposter Who? - Word Game","Sokak Technologies Inc.","Entertainment","unknown","13951040535","1","E","I’m gay","2026-04-12T11:31:38-07:00","1.0.23","Blake Sherman","https://itunes.apple.com/us/reviews/id1807555875","0","0","us","1","https://itunes.apple.com/us/review?id=6746781192&type=Purple%20Software","https://itunes.apple.com/us/rss/customerreviews/page=7/id=6746781192/sortby=mostrecent/json","raw/reviews/6746781192/us-7.json","2026-10-04T10:45:55.574Z","","2025-06-05T07:00:00Z","user_nominated"
"6746781192","Imposter Who? - Word Game","Sokak Technologies Inc.","Entertainment","unknown","13970860563","1","YOU HAVE TO PAY","Isn’t free, you have to pay","2026-04-18T05:30:43-07:00","1.0.23","Sym2067","https://itunes.apple.com/au/reviews/id1398635851","0","0","au","1","https://itunes.apple.com/au/review?id=6746781192&type=Purple%20Software","https://itunes.apple.com/au/rss/customerreviews/page=3/id=6746781192/sortby=mostrecent/json","raw/reviews/6746781192/au-3.json","2026-10-04T10:46:17.883Z","","2025-06-05T07:00:00Z","user_nominated"
"6746781192","Imposter Who? - Word Game","Sokak Technologies Inc.","Entertainment","unknown","13972755339","2","disappointed","the hints make no freaking sense, the word was comb and the Imposters hint was TEETH?!?!?!!? I’m sincerely disappointed in this I would’ve   
expected better from something that has 4.8 stars goodbye thanks for reading","2026-04-18T16:35:23-07:00","1.0.23","Someone09830","https://itunes.apple.com/us/reviews/id1717234300","0","0","us","1","https://itunes.apple.com/us/review?id=6746781192&type=Purple%20Software","https://itunes.apple.com/us/rss/customerreviews/page=7/id=6746781192/sortby=mostrecent/json","raw/reviews/6746781192/us-7.json","2026-10-04T10:45:55.574Z","","2025-06-05T07:00:00Z","user_nominated"
"6746781192","Imposter Who? - Word Game","Sokak Technologies Inc.","Entertainment","unknown","13976924596","2","Pay","Why do I need to pay for features?","2026-04-19T20:11:25-07:00","1.0.23","KrazyKatDoge","https://itunes.apple.com/au/reviews/id1826814435","0","0","au","1","https://itunes.apple.com/au/review?id=6746781192&type=Purple%20Software","https://itunes.apple.com/au/rss/customerreviews/page=3/id=6746781192/sortby=mostrecent/json","raw/reviews/6746781192/au-3.json","2026-10-04T10:46:17.883Z","","2025-06-05T07:00:00Z","user_nominated"
"6746781192","Imposter Who? - Word Game","Sokak Technologies Inc.","Entertainment","unknown","13976933745","1","Butt cheeks","Does not have a timer","2026-04-19T20:15:44-07:00","1.0.23","Osvaldo 947","https://itunes.apple.com/us/reviews/id1443588793","0","0","us","1","https://itunes.apple.com/us/review?id=6746781192&type=Purple%20Software","https://itunes.apple.com/us/rss/customerreviews/page=7/id=6746781192/sortby=mostrecent/json","raw/reviews/6746781192/us-7.json","2026-10-04T10:45:55.574Z","","2025-06-05T07:00:00Z","user_nominated"
"6746781192","Imposter Who? - Word Game","Sokak Technologies Inc.","Entertainment","unknown","13986015655","1","SAAAAAI","Wat een mega saai spel","2026-04-22T11:24:43-07:00","1.0.32","Leukespellenontdekker","https://itunes.apple.com/nl/reviews/id1593671524","0","0","nl","1","https://itunes.apple.com/nl/review?id=6746781192&type=Purple%20Software","https://itunes.apple.com/nl/rss/customerreviews/page=2/id=6746781192/sortby=mostrecent/json","raw/reviews/6746781192/nl-2.json","2026-10-04T10:30:47.004Z","","2025-06-05T07:00:00Z","user_nominated"
"6746781192","Imposter Who? - Word Game","Sokak Technologies Inc.","Entertainment","unknown","13995645215","1","Don’t purchase","Worked great until the $30 subscription was paid and then stopped working.","2026-04-25T07:37:09-07:00","1.0.32","Dunn Party","https://itunes.apple.com/au/reviews/id126055346","0","0","au","1","https://itunes.apple.com/au/review?id=6746781192&type=Purple%20Software","https://itunes.apple.com/au/rss/customerreviews/page=3/id=6746781192/sortby=mostrecent/json","raw/reviews/6746781192/au-3.json","2026-10-04T10:46:17.883Z","","2025-06-05T07:00:00Z","user_nominated"
"6746781192","Imposter Who? - Word Game","Sokak Technologies Inc.","Entertainment","unknown","14010030819","1","It’s not even letting me","It’s not even letting me play it","2026-04-29T10:54:41-07:00","1.0.35","@mcg’s for Life","https://itunes.apple.com/gb/reviews/id1486033196","0","0","gb","1","https://itunes.apple.com/gb/review?id=6746781192&type=Purple%20Software","https://itunes.apple.com/gb/rss/customerreviews/page=5/id=6746781192/sortby=mostrecent/json","raw/reviews/6746781192/gb-5.json","2026-10-04T10:46:04.880Z","","2025-06-05T07:00:00Z","user_nominated"
"6746781192","Imposter Who? - Word Game","Sokak Technologies Inc.","Entertainment","unknown","14016954887","1","IMPOSTER","So annoying that you have to pay for the game","2026-05-01T09:17:28-07:00","1.0.37","Candice SA","https://itunes.apple.com/za/reviews/id417821268","0","0","za","1","https://itunes.apple.com/za/review?id=6746781192&type=Purple%20Software","https://itunes.apple.com/za/rss/customerreviews/page=1/id=6746781192/sortby=mostrecent/json","raw/reviews/6746781192/za-1.json","2026-10-04T10:31:10.251Z","","2025-06-05T07:00:00Z","user_nominated"
"6746781192","Imposter Who? - Word Game","Sokak Technologies Inc.","Entertainment","unknown","14025030414","2","Esta algo mal pero me gusta","No me deja hacer nada de nada pero me divierto mucho y siempre soy el Imposter. Adiós de Ramón","2026-05-03T13:19:59-07:00","1.0.23","sarambm.","https://itunes.apple.com/es/reviews/id1404518625","0","0","es","1","https://itunes.apple.com/es/review?id=6746781192&type=Purple%20Software","https://itunes.apple.com/es/rss/customerreviews/page=1/id=6746781192/sortby=mostrecent/json","raw/reviews/6746781192/es-1-empty-recheck.json","2026-10-04T10:46:32.387Z","","2025-06-05T07:00:00Z","user_nominated"
"6746781192","Imposter Who? - Word Game","Sokak Technologies Inc.","Entertainment","unknown","14028868581","1","A c yo go c up c up cu","CV","2026-05-04T15:18:48-07:00","1.0.37","Pollito mexicano","https://itunes.apple.com/us/reviews/id164635184","0","0","us","1","https://itunes.apple.com/us/review?id=6746781192&type=Purple%20Software","https://itunes.apple.com/us/rss/customerreviews/page=6/id=6746781192/sortby=mostrecent/json","raw/reviews/6746781192/us-6.json","2026-10-04T10:45:53.965Z","","2025-06-05T07:00:00Z","user_nominated"
"6746781192","Imposter Who? - Word Game","Sokak Technologies Inc.","Entertainment","unknown","14028961836","1","Keseruan dan pembayaran","Apk ny seruu bangett tapi bisaa ga pembayaran nyaa di kurang ii lagii terimakasih🙏🙏","2026-05-04T16:00:14-07:00","1.0.37","Vianaa imuppt","https://itunes.apple.com/id/reviews/id1918344963","0","0","id","1","https://itunes.apple.com/id/review?id=6746781192&type=Purple%20Software","https://itunes.apple.com/id/rss/customerreviews/page=1/id=6746781192/sortby=mostrecent/json","raw/reviews/6746781192/id-1.json","2026-10-04T10:31:08.946Z","","2025-06-05T07:00:00Z","user_nominated"
"6746781192","Imposter Who? - Word Game","Sokak Technologies Inc.","Entertainment","unknown","14038156900","1","Roubaram meu dinheiro","Pelo amor de Deus extorna minha assinatura, meu primo comprou, como que pagou 130 RS por esse app? Pelo amor de Deus me devolve meu dinheiro tô passando fome preciso pagar a fatura","2026-05-07T07:10:24-07:00","1.0.37","bdvzjaia","https://itunes.apple.com/br/reviews/id1083516919","0","0","br","1","https://itunes.apple.com/br/review?id=6746781192&type=Purple%20Software","https://itunes.apple.com/br/rss/customerreviews/page=1/id=6746781192/sortby=mostrecent/json","raw/reviews/6746781192/br-1.json","2026-10-04T10:30:57.961Z","","2025-06-05T07:00:00Z","user_nominated"
"6746781192","Imposter Who? - Word Game","Sokak Technologies Inc.","Entertainment","unknown","14044416351","1","Shahs","Behshsshshshshshs","2026-05-09T01:35:36-07:00","1.0.37","Sscwed. Ed","https://itunes.apple.com/us/reviews/id1885327532","0","0","us","1","https://itunes.apple.com/us/review?id=6746781192&type=Purple%20Software","https://itunes.apple.com/us/rss/customerreviews/page=6/id=6746781192/sortby=mostrecent/json","raw/reviews/6746781192/us-6.json","2026-10-04T10:45:53.965Z","","2025-06-05T07:00:00Z","user_nominated"
"6746781192","Imposter Who? - Word Game","Sokak Technologies Inc.","Entertainment","unknown","14044923712","1","It was ok but I liked overhand it","It was ok but dudbdbdbdgfhdI liked it","2026-05-09T05:04:18-07:00","1.0.37","DAsigma skibid SLAY QUEEN","https://itunes.apple.com/gb/reviews/id1874868058","0","0","gb","1","https://itunes.apple.com/gb/review?id=6746781192&type=Purple%20Software","https://itunes.apple.com/gb/rss/customerreviews/page=5/id=6746781192/sortby=mostrecent/json","raw/reviews/6746781192/gb-5.json","2026-10-04T10:46:04.880Z","","2025-06-05T07:00:00Z","user_nominated"
"6746781192","Imposter Who? - Word Game","Sokak Technologies Inc.","Entertainment","unknown","14047649683","1","Stop the constant subscription reminders","Also give more free category’s","2026-05-09T21:30:59-07:00","1.0.37","Poncho013","https://itunes.apple.com/au/reviews/id1462846432","0","0","au","1","https://itunes.apple.com/au/review?id=6746781192&type=Purple%20Software","https://itunes.apple.com/au/rss/customerreviews/page=3/id=6746781192/sortby=mostrecent/json","raw/reviews/6746781192/au-3.json","2026-10-04T10:46:17.883Z","","2025-06-05T07:00:00Z","user_nominated"
"6746781192","Imposter Who? - Word Game","Sokak Technologies Inc.","Entertainment","unknown","14047866768","1","Mi peor aplicacion","Jugué con mis amigos y a todos mis amigos les puso la misma palabra menos a mi :( mis amigos se empezaron a burlar y me discriminaron por no tender la misma palabra","2026-05-09T23:11:34-07:00","1.0.37","Mi peor aplicacion","https://itunes.apple.com/mx/reviews/id920448758","0","0","mx","1","https://itunes.apple.com/mx/review?id=6746781192&type=Purple%20Software","https://itunes.apple.com/mx/rss/customerreviews/page=1/id=6746781192/sortby=mostrecent/json","raw/reviews/6746781192/mx-1-empty-recheck.json","2026-10-04T10:46:42.395Z","","2025-06-05T07:00:00Z","user_nominated"
"6746781192","Imposter Who? - Word Game","Sokak Technologies Inc.","Entertainment","unknown","14050353008","1","Money","Everything is money and me no money","2026-05-10T13:49:02-07:00","1.0.37","Biennia’s","https://itunes.apple.com/us/reviews/id1920380358","0","0","us","1","https://itunes.apple.com/us/review?id=6746781192&type=Purple%20Software","https://itunes.apple.com/us/rss/customerreviews/page=6/id=6746781192/sortby=mostrecent/json","raw/reviews/6746781192/us-6.json","2026-10-04T10:45:53.965Z","","2025-06-05T07:00:00Z","user_nominated"
"6746781192","Imposter Who? - Word Game","Sokak Technologies Inc.","Entertainment","unknown","14052638474","1","ara bozucu","sizin yüzünüzden bir cift ayrıldı yapacagınız oyunun ag","2026-05-11T06:36:25-07:00","1.0.37","mrb t.","https://itunes.apple.com/tr/reviews/id1794722687","0","0","tr","1","https://itunes.apple.com/tr/review?id=6746781192&type=Purple%20Software","https://itunes.apple.com/tr/rss/customerreviews/page=1/id=6746781192/sortby=mostrecent/json","raw/reviews/6746781192/tr-1-empty-recheck.json","2026-10-04T10:46:54.425Z","","2025-06-05T07:00:00Z","user_nominated"
"6746781192","Imposter Who? - Word Game","Sokak Technologies Inc.","Entertainment","unknown","14057930712","1","Bad","It is bad because you have to have three players to play. Like why can’t you just have two players?","2026-05-12T16:24:52-07:00","1.0.37","67baddie_41","https://itunes.apple.com/us/reviews/id1263703556","0","1","us","1","https://itunes.apple.com/us/review?id=6746781192&type=Purple%20Software","https://itunes.apple.com/us/rss/customerreviews/page=6/id=6746781192/sortby=mostrecent/json","raw/reviews/6746781192/us-6.json","2026-10-04T10:45:53.965Z","","2025-06-05T07:00:00Z","user_nominated"
"6746781192","Imposter Who? - Word Game","Sokak Technologies Inc.","Entertainment","unknown","14060745351","2",".","não faz sentido o impostor da partida começar a conversa","2026-05-13T11:09:38-07:00","1.0.37","enzo nunes de oliveira","https://itunes.apple.com/br/reviews/id1921383568","0","0","br","1","https://itunes.apple.com/br/review?id=6746781192&type=Purple%20Software","https://itunes.apple.com/br/rss/customerreviews/page=1/id=6746781192/sortby=mostrecent/json","raw/reviews/6746781192/br-1.json","2026-10-04T10:30:57.961Z","","2025-06-05T07:00:00Z","user_nominated"
"6746781192","Imposter Who? - Word Game","Sokak Technologies Inc.","Entertainment","unknown","14067534372","1","money","COST ME 20 pounds WITH OUT MY CONSENT","2026-05-15T08:15:11-07:00","1.0.37","Moore e","https://itunes.apple.com/gb/reviews/id1489961384","0","0","gb","1","https://itunes.apple.com/gb/review?id=6746781192&type=Purple%20Software","https://itunes.apple.com/gb/rss/customerreviews/page=4/id=6746781192/sortby=mostrecent/json","raw/reviews/6746781192/gb-4.json","2026-10-04T10:46:03.275Z","","2025-06-05T07:00:00Z","user_nominated"
"6746781192","Imposter Who? - Word Game","Sokak Technologies Inc.","Entertainment","unknown","14072220028","1","Fast x e imposter ipucu: hız geldi","Güzel kelimeler bulun nolurrrrr","2026-05-16T13:03:29-07:00","1.0.38","Emrekaya42","https://itunes.apple.com/tr/reviews/id1411206344","0","0","tr","1","https://itunes.apple.com/tr/review?id=6746781192&type=Purple%20Software","https://itunes.apple.com/tr/rss/customerreviews/page=1/id=6746781192/sortby=mostrecent/json","raw/reviews/6746781192/tr-1-empty-recheck.json","2026-10-04T10:46:54.425Z","","2025-06-05T07:00:00Z","user_nominated"
"6746781192","Imposter Who? - Word Game","Sokak Technologies Inc.","Entertainment","unknown","14077654854","1","Bad game","Ewww so bad don’t get u need to play with a lot of people","2026-05-18T01:20:22-07:00","1.0.38","Hellobekcjgnkf","https://itunes.apple.com/au/reviews/id1270729913","0","0","au","1","https://itunes.apple.com/au/review?id=6746781192&type=Purple%20Software","https://itunes.apple.com/au/rss/customerreviews/page=3/id=6746781192/sortby=mostrecent/json","raw/reviews/6746781192/au-3.json","2026-10-04T10:46:17.883Z","","2025-06-05T07:00:00Z","user_nominated"
"6746781192","Imposter Who? - Word Game","Sokak Technologies Inc.","Entertainment","unknown","14088225908","1","Good game","Very good and fun","2026-05-20T22:54:46-07:00","1.0.38","WHISTLINDINGOES","https://itunes.apple.com/us/reviews/id1923985340","0","0","us","1","https://itunes.apple.com/us/review?id=6746781192&type=Purple%20Software","https://itunes.apple.com/us/rss/customerreviews/page=5/id=6746781192/sortby=mostrecent/json","raw/reviews/6746781192/us-5.json","2026-10-04T10:45:52.112Z","","2025-06-05T07:00:00Z","user_nominated"
"6746781192","Imposter Who? - Word Game","Sokak Technologies Inc.","Entertainment","unknown","14101271118","1","Sgijt","Het is een sgijt geem","2026-05-24T09:51:43-07:00","1.0.38","Maurokeee","https://itunes.apple.com/be/reviews/id1600343008","0","0","be","1","https://itunes.apple.com/be/review?id=6746781192&type=Purple%20Software","https://itunes.apple.com/be/rss/customerreviews/page=1/id=6746781192/sortby=mostrecent/json","raw/reviews/6746781192/be-1.json","2026-10-04T10:30:55.290Z","","2025-06-05T07:00:00Z","user_nominated"
"6746781192","Imposter Who? - Word Game","Sokak Technologies Inc.","Entertainment","unknown","14105634582","2","Eu","Tem muita propaganda toda hora e desnecessário, e e sempre as mesmas pessoas e legal mas fica meio chato sempre os mesmos a sentem os impostos","2026-05-25T13:09:11-07:00","1.0.38","L.M.B.A","https://itunes.apple.com/br/reviews/id1067449718","0","0","br","1","https://itunes.apple.com/br/review?id=6746781192&type=Purple%20Software","https://itunes.apple.com/br/rss/customerreviews/page=1/id=6746781192/sortby=mostrecent/json","raw/reviews/6746781192/br-1.json","2026-10-04T10:30:57.961Z","","2025-06-05T07:00:00Z","user_nominated"
"6746781192","Imposter Who? - Word Game","Sokak Technologies Inc.","Entertainment","unknown","14110502219","1","Not good hints","Did","2026-05-26T20:50:36-07:00","1.0.38","Kreig734","https://itunes.apple.com/au/reviews/id172670697","0","0","au","1","https://itunes.apple.com/au/review?id=6746781192&type=Purple%20Software","https://itunes.apple.com/au/rss/customerreviews/page=3/id=6746781192/sortby=mostrecent/json","raw/reviews/6746781192/au-3.json","2026-10-04T10:46:17.883Z","","2025-06-05T07:00:00Z","user_nominated"
"6746781192","Imposter Who? - Word Game","Sokak Technologies Inc.","Entertainment","unknown","14117895491","2","It sucks","Your hints suck","2026-05-28T19:41:16-07:00","1.0.38","Stranger things6767","https://itunes.apple.com/us/reviews/id1427798033","0","0","us","1","https://itunes.apple.com/us/review?id=6746781192&type=Purple%20Software","https://itunes.apple.com/us/rss/customerreviews/page=5/id=6746781192/sortby=mostrecent/json","raw/reviews/6746781192/us-5.json","2026-10-04T10:45:52.112Z","","2025-06-05T07:00:00Z","user_nominated"
"6746781192","Imposter Who? - Word Game","Sokak Technologies Inc.","Entertainment","unknown","14127224900","1","3-day ""free trial""","It said there was a 3-day free trial, but when I tried to cancel after ten minutes, it created a one-year subscription. I downloaded it and tried it a few months ago, so that's probably why, but you can't show me a 3-day free trial then. That's misleading information. I want my money back.","2026-05-31T06:13:51-07:00","1.0.38","dndmmdndndkffkk","https://itunes.apple.com/de/reviews/id1571257100","0","0","de","1","https://itunes.apple.com/de/review?id=6746781192&type=Purple%20Software","https://itunes.apple.com/de/rss/customerreviews/page=1/id=6746781192/sortby=mostrecent/json","raw/reviews/6746781192/de-1.json","2026-10-04T10:30:41.640Z","","2025-06-05T07:00:00Z","user_nominated"
"6746781192","Imposter Who? - Word Game","Sokak Technologies Inc.","Entertainment","unknown","14139385399","1","Nul","Quand tu joue tu peux pas poser des questions epuis tu dois directement dire qui est l’imposteur","2026-06-03T07:51:32-07:00","1.0.38","Falah😊","https://itunes.apple.com/be/reviews/id1708552376","0","0","be","1","https://itunes.apple.com/be/review?id=6746781192&type=Purple%20Software","https://itunes.apple.com/be/rss/customerreviews/page=1/id=6746781192/sortby=mostrecent/json","raw/reviews/6746781192/be-1.json","2026-10-04T10:30:55.290Z","","2025-06-05T07:00:00Z","user_nominated"
"6746781192","Imposter Who? - Word Game","Sokak Technologies Inc.","Entertainment","unknown","14150504867","1","Difficult to cancel subscription","I signed up for the free trial and it was very unclear on the app how to cancel a subscription so I accidentally paid for a years subscription which is very expensive. I’m disappointed with this app design","2026-06-06T05:28:38-07:00","1.0.38","Susannah W","https://itunes.apple.com/ie/reviews/id1474199592","0","0","ie","1","https://itunes.apple.com/ie/review?id=6746781192&type=Purple%20Software","https://itunes.apple.com/ie/rss/customerreviews/page=1/id=6746781192/sortby=mostrecent/json","raw/reviews/6746781192/ie-1.json","2026-10-04T10:26:09.099Z","","2025-06-05T07:00:00Z","user_nominated"
"6746781192","Imposter Who? - Word Game","Sokak Technologies Inc.","Entertainment","unknown","14152287130","2","Vaag dezelfde imposter","Er word te vaak dezelfde persoon als imposter aangewezen waardoor het hele spel verpest word","2026-06-06T15:07:38-07:00","1.0.38","Accheyenne","https://itunes.apple.com/nl/reviews/id470055827","0","1","nl","1","https://itunes.apple.com/nl/review?id=6746781192&type=Purple%20Software","https://itunes.apple.com/nl/rss/customerreviews/page=2/id=6746781192/sortby=mostrecent/json","raw/reviews/6746781192/nl-2.json","2026-10-04T10:30:47.004Z","","2025-06-05T07:00:00Z","user_nominated"
"6746781192","Imposter Who? - Word Game","Sokak Technologies Inc.","Entertainment","unknown","14156960420","1","Sl@y","Kjhgdcsiuysdfgiuvywregwdfeo jugoafsdiuhd	we","2026-06-07T20:36:49-07:00","1.0.38","Itviytcytc","https://itunes.apple.com/au/reviews/id1930490628","0","0","au","1","https://itunes.apple.com/au/review?id=6746781192&type=Purple%20Software","https://itunes.apple.com/au/rss/customerreviews/page=3/id=6746781192/sortby=mostrecent/json","raw/reviews/6746781192/au-3.json","2026-10-04T10:46:17.883Z","","2025-06-05T07:00:00Z","user_nominated"
"6746781192","Imposter Who? - Word Game","Sokak Technologies Inc.","Entertainment","unknown","14159926001","1","Boring","It’s the most boring game ever","2026-06-08T14:57:19-07:00","1.0.38","It’s ok#lame","https://itunes.apple.com/us/reviews/id1618427254","0","0","us","1","https://itunes.apple.com/us/review?id=6746781192&type=Purple%20Software","https://itunes.apple.com/us/rss/customerreviews/page=4/id=6746781192/sortby=mostrecent/json","raw/reviews/6746781192/us-4.json","2026-10-04T10:45:50.597Z","","2025-06-05T07:00:00Z","user_nominated"
"6746781192","Imposter Who? - Word Game","Sokak Technologies Inc.","Entertainment","unknown","14164142858","1","Not free to play","Not free to play","2026-06-09T17:22:21-07:00","1.0.38","Cfayjcdhbvnkbc","https://itunes.apple.com/us/reviews/id501511181","0","0","us","1","https://itunes.apple.com/us/review?id=6746781192&type=Purple%20Software","https://itunes.apple.com/us/rss/customerreviews/page=4/id=6746781192/sortby=mostrecent/json","raw/reviews/6746781192/us-4.json","2026-10-04T10:45:50.597Z","","2025-06-05T07:00:00Z","user_nominated"
"6746781192","Imposter Who? - Word Game","Sokak Technologies Inc.","Entertainment","unknown","14193723389","2","It’s alright","I quite like playing this game with my friends! Though people were accusing me of looking at my own and my friend’s even though I didn’t, so maybe you can change that? Also there are words that like NOBODY knows what it is so maybe do better words? Thanks 😁I hope you can help!😉😜😊","2026-06-17T07:51:11-07:00","1.0.38","Chipmunk bestie","https://itunes.apple.com/gb/reviews/id1801359955","0","0","gb","1","https://itunes.apple.com/gb/review?id=6746781192&type=Purple%20Software","https://itunes.apple.com/gb/rss/customerreviews/page=3/id=6746781192/sortby=mostrecent/json","raw/reviews/6746781192/gb-3-empty-recheck.json","2026-10-04T10:46:01.809Z","","2025-06-05T07:00:00Z","user_nominated"
"6746781192","Imposter Who? - Word Game","Sokak Technologies Inc.","Entertainment","unknown","14204501299","1","Listen to this review","I hate this game. I downloaded this game even though I wanted to try it out was a terrible game. Do not download it instead. Download Imposter online. It’s way better game if you’re looking for another online game that’s also one respond to this review","2026-06-20T01:58:08-07:00","1.0.38","￼Zolana","https://itunes.apple.com/gb/reviews/id1560254125","0","0","gb","1","https://itunes.apple.com/gb/review?id=6746781192&type=Purple%20Software","https://itunes.apple.com/gb/rss/customerreviews/page=3/id=6746781192/sortby=mostrecent/json","raw/reviews/6746781192/gb-3-empty-recheck.json","2026-10-04T10:46:01.809Z","","2025-06-05T07:00:00Z","user_nominated"
"6746781192","Imposter Who? - Word Game","Sokak Technologies Inc.","Entertainment","unknown","14213595832","1","Horrible","Charged me after i canceled the subscription and kept charging and cant refund on app","2026-06-22T10:08:09-07:00","1.0.38","hi kid i","https://itunes.apple.com/us/reviews/id1390578011","0","0","us","1","https://itunes.apple.com/us/review?id=6746781192&type=Purple%20Software","https://itunes.apple.com/us/rss/customerreviews/page=4/id=6746781192/sortby=mostrecent/json","raw/reviews/6746781192/us-4.json","2026-10-04T10:45:50.597Z","","2025-06-05T07:00:00Z","user_nominated"
"6746781192","Imposter Who? - Word Game","Sokak Technologies Inc.","Entertainment","unknown","14215100334","1","𝓘 𝓱𝓪𝓽𝓮 𝓽𝓱𝓲𝓼","𝓛𝓲𝓴𝓮 𝓷𝓸𝓽𝓱𝓲𝓷𝓰 𝓲𝓼 𝓯𝓻𝓮𝓮 Have to pay 𝓯𝓸𝓻 𝓲𝓽.","2026-06-22T19:15:09-07:00","1.0.38","Shimmer shine shine","https://itunes.apple.com/us/reviews/id1783485045","0","0","us","1","https://itunes.apple.com/us/review?id=6746781192&type=Purple%20Software","https://itunes.apple.com/us/rss/customerreviews/page=4/id=6746781192/sortby=mostrecent/json","raw/reviews/6746781192/us-4.json","2026-10-04T10:45:50.597Z","","2025-06-05T07:00:00Z","user_nominated"
"6746781192","Imposter Who? - Word Game","Sokak Technologies Inc.","Entertainment","unknown","14247280162","1","Barnyard cheesy tuck","You guys added adds for some reason ? That’s so weird and honestly drives people away . #chud #chopped #fakeasf","2026-06-30T17:23:32-07:00","1.0.38","Bananadihhhhh6767","https://itunes.apple.com/us/reviews/id1792368748","0","0","us","1","https://itunes.apple.com/us/review?id=6746781192&type=Purple%20Software","https://itunes.apple.com/us/rss/customerreviews/page=3/id=6746781192/sortby=mostrecent/json","raw/reviews/6746781192/us-3.json","2026-10-04T10:45:49.145Z","","2025-06-05T07:00:00Z","user_nominated"
"6746781192","Imposter Who? - Word Game","Sokak Technologies Inc.","Entertainment","unknown","14248759056","1","Troll Mode","This is only for the troll mode. The troll mode is a 1% of happening.","2026-07-01T02:36:21-07:00","1.0.38","jamz27","https://itunes.apple.com/au/reviews/id1654706274","0","0","au","1","https://itunes.apple.com/au/review?id=6746781192&type=Purple%20Software","https://itunes.apple.com/au/rss/customerreviews/page=2/id=6746781192/sortby=mostrecent/json","raw/reviews/6746781192/au-2.json","2026-10-04T10:46:16.373Z","","2025-06-05T07:00:00Z","user_nominated"
"6746781192","Imposter Who? - Word Game","Sokak Technologies Inc.","Entertainment","unknown","14282840194","2","Important","Trop dur le mot des imposteurs!!!","2026-07-09T10:15:28-07:00","1.0.38","Carlino99","https://itunes.apple.com/fr/reviews/id8784777","0","0","fr","1","https://itunes.apple.com/fr/review?id=6746781192&type=Purple%20Software","https://itunes.apple.com/fr/rss/customerreviews/page=1/id=6746781192/sortby=mostrecent/json","raw/reviews/6746781192/fr-1.json","2026-10-04T10:30:40.338Z","","2025-06-05T07:00:00Z","user_nominated"
"6746781192","Imposter Who? - Word Game","Sokak Technologies Inc.","Entertainment","unknown","14283438607","1","3 day trial didn’t work","I went to get a trial and got charged £20 and the days had not even ran out. App just went and trialed me regardless.","2026-07-09T13:28:37-07:00","1.0.38","Groupgamelover","https://itunes.apple.com/gb/reviews/id674005891","0","0","gb","1","https://itunes.apple.com/gb/review?id=6746781192&type=Purple%20Software","https://itunes.apple.com/gb/rss/customerreviews/page=2/id=6746781192/sortby=mostrecent/json","raw/reviews/6746781192/gb-2.json","2026-10-04T10:26:02.427Z","","2025-06-05T07:00:00Z","user_nominated"
"6746781192","Imposter Who? - Word Game","Sokak Technologies Inc.","Entertainment","unknown","14293885127","2","Imposter","It’s really fun to play with your family but they could make it more appropriate for children because there was a bit of swear words in mine and also it had my name with I demand to get removed.","2026-07-12T05:11:36-07:00","1.0.38","Grrr-ing gyatts","https://itunes.apple.com/au/reviews/id205228172","0","0","au","1","https://itunes.apple.com/au/review?id=6746781192&type=Purple%20Software","https://itunes.apple.com/au/rss/customerreviews/page=2/id=6746781192/sortby=mostrecent/json","raw/reviews/6746781192/au-2.json","2026-10-04T10:46:16.373Z","","2025-06-05T07:00:00Z","user_nominated"
"6746781192","Imposter Who? - Word Game","Sokak Technologies Inc.","Entertainment","unknown","14294433346","1","Scammed","I never review games but I’m beyond disappointed with this one. I’m really not hard up for a measly 20$ but DONT offer no 3 day FREE trial if you’re gonna plan on charging someone for a full year anyway. PLUS when they try to dispute it they don’t honor the refund. Find a different way to play this game. It’s annoying people always try to profit off of mainstream ideas. Would’ve rather payed the stupid 5$ for a week then let them offer me a free trial they weren’t gonna honor.","2026-07-12T07:58:31-07:00","1.0.38","Flowtion","https://itunes.apple.com/us/reviews/id381633989","0","0","us","1","https://itunes.apple.com/us/review?id=6746781192&type=Purple%20Software","https://itunes.apple.com/us/rss/customerreviews/page=3/id=6746781192/sortby=mostrecent/json","raw/reviews/6746781192/us-3.json","2026-10-04T10:45:49.145Z","","2025-06-05T07:00:00Z","user_nominated"
"6746781192","Imposter Who? - Word Game","Sokak Technologies Inc.","Entertainment","unknown","14306652504","1","Imposter 1st player","The imposter - Should never be the stater of the game.","2026-07-15T08:45:02-07:00","1.0.38","Caoimhe savage","https://itunes.apple.com/ie/reviews/id227598248","0","0","ie","1","https://itunes.apple.com/ie/review?id=6746781192&type=Purple%20Software","https://itunes.apple.com/ie/rss/customerreviews/page=1/id=6746781192/sortby=mostrecent/json","raw/reviews/6746781192/ie-1.json","2026-10-04T10:26:09.099Z","","2025-06-05T07:00:00Z","user_nominated"
"6746781192","Imposter Who? - Word Game","Sokak Technologies Inc.","Entertainment","unknown","14332035356","1","Imposter who?","It’s not that good and every time the words are never understandable and the other game is way better because I tried it","2026-07-21T15:26:35-07:00","1.0.38","Stinkyday104","https://itunes.apple.com/us/reviews/id1927324747","0","0","us","1","https://itunes.apple.com/us/review?id=6746781192&type=Purple%20Software","https://itunes.apple.com/us/rss/customerreviews/page=2/id=6746781192/sortby=mostrecent/json","raw/reviews/6746781192/us-2.json","2026-10-04T10:45:47.851Z","","2025-06-05T07:00:00Z","user_nominated"
"6746781192","Imposter Who? - Word Game","Sokak Technologies Inc.","Entertainment","unknown","14332580969","1","Horrible","Its just that its almost that time of the year when my grampa's death and no one wants to play with me not even my family","2026-07-21T18:57:37-07:00","1.0.38","Ronaldomegaphone 7","https://itunes.apple.com/us/reviews/id1736989511","0","0","us","1","https://itunes.apple.com/us/review?id=6746781192&type=Purple%20Software","https://itunes.apple.com/us/rss/customerreviews/page=2/id=6746781192/sortby=mostrecent/json","raw/reviews/6746781192/us-2.json","2026-10-04T10:45:47.851Z","","2025-06-05T07:00:00Z","user_nominated"
"6746781192","Imposter Who? - Word Game","Sokak Technologies Inc.","Entertainment","unknown","14342304211","1","Dumb game","All this game tell
Me to do is to just buy their membership and the categories are locked because of course you have to buy the membership","2026-07-24T05:34:12-07:00","1.0.38","Proking flamez","https://itunes.apple.com/us/reviews/id1456063398","0","0","us","1","https://itunes.apple.com/us/review?id=6746781192&type=Purple%20Software","https://itunes.apple.com/us/rss/customerreviews/page=2/id=6746781192/sortby=mostrecent/json","raw/reviews/6746781192/us-2.json","2026-10-04T10:45:47.851Z","","2025-06-05T07:00:00Z","user_nominated"
"6746781192","Imposter Who? - Word Game","Sokak Technologies Inc.","Entertainment","unknown","14351338982","1","AMAZING","This game is really bad and ugly","2026-07-26T11:26:34-07:00","1.0.38","Y o u A r e P r e t t y","https://itunes.apple.com/gb/reviews/id1736134049","0","0","gb","1","https://itunes.apple.com/gb/review?id=6746781192&type=Purple%20Software","https://itunes.apple.com/gb/rss/customerreviews/page=2/id=6746781192/sortby=mostrecent/json","raw/reviews/6746781192/gb-2.json","2026-10-04T10:26:02.427Z","","2025-06-05T07:00:00Z","user_nominated"
"6746781192","Imposter Who? - Word Game","Sokak Technologies Inc.","Entertainment","unknown","14358024403","1","No","No","2026-07-28T04:30:50-07:00","1.0.38","6777myvinchimyvinxhimysetche","https://itunes.apple.com/au/reviews/id1950413944","0","0","au","1","https://itunes.apple.com/au/review?id=6746781192&type=Purple%20Software","https://itunes.apple.com/au/rss/customerreviews/page=2/id=6746781192/sortby=mostrecent/json","raw/reviews/6746781192/au-2.json","2026-10-04T10:46:16.373Z","","2025-06-05T07:00:00Z","user_nominated"
"6746781192","Imposter Who? - Word Game","Sokak Technologies Inc.","Entertainment","unknown","14395548607","1","Kut spel","Echt heel stom","2026-08-06T09:13:13-07:00","1.0.38","Stom?!!","https://itunes.apple.com/nl/reviews/id1365378981","0","0","nl","1","https://itunes.apple.com/nl/review?id=6746781192&type=Purple%20Software","https://itunes.apple.com/nl/rss/customerreviews/page=1/id=6746781192/sortby=mostrecent/json","raw/reviews/6746781192/nl-1.json","2026-10-04T10:30:45.566Z","","2025-06-05T07:00:00Z","user_nominated"
"6746781192","Imposter Who? - Word Game","Sokak Technologies Inc.","Entertainment","unknown","14419982119","2","Hint imposter","De hint voor de imposter slaat nergens op en heeft niks te maken met het woord wat de rest heeft","2026-08-12T13:17:45-07:00","1.0.38","Jfeddes","https://itunes.apple.com/nl/reviews/id1181559911","0","0","nl","1","https://itunes.apple.com/nl/review?id=6746781192&type=Purple%20Software","https://itunes.apple.com/nl/rss/customerreviews/page=1/id=6746781192/sortby=mostrecent/json","raw/reviews/6746781192/nl-1.json","2026-10-04T10:30:45.566Z","","2025-06-05T07:00:00Z","user_nominated"
"6746781192","Imposter Who? - Word Game","Sokak Technologies Inc.","Entertainment","unknown","14445988851","2","Ridiculous","I think that it is pathetic that you have to pay for all the fun categories and every five seconds it pops up like “unlock full access” and of course the prices are extortionate just trying to rip little kids off and I think that it’s wrong that they don’t advertise the fact that you can do barely anything without full access and every five seconds you get an ad or the unlock full access thing pops up.","2026-08-19T01:38:13-07:00","1.0.38","Meeeeeeslayyyyyyyys123","https://itunes.apple.com/gb/reviews/id1490247660","0","0","gb","1","https://itunes.apple.com/gb/review?id=6746781192&type=Purple%20Software","https://itunes.apple.com/gb/rss/customerreviews/page=1/id=6746781192/sortby=mostrecent/json","raw/reviews/6746781192/gb-1.json","2026-10-04T10:26:00.904Z","","2025-06-05T07:00:00Z","user_nominated"
"6746781192","Imposter Who? - Word Game","Sokak Technologies Inc.","Entertainment","unknown","14452823909","1","Pistas","Las pistas no tenían nada que ver nos tocó la palabra felpudo y a él impostor le dieron la pista entrada","2026-08-20T17:35:47-07:00","1.0.38","Tiburonjuja","https://itunes.apple.com/mx/reviews/id1606640090","0","0","mx","1","https://itunes.apple.com/mx/review?id=6746781192&type=Purple%20Software","https://itunes.apple.com/mx/rss/customerreviews/page=1/id=6746781192/sortby=mostrecent/json","raw/reviews/6746781192/mx-1-empty-recheck.json","2026-10-04T10:46:42.395Z","","2025-06-05T07:00:00Z","user_nominated"
"6746781192","Imposter Who? - Word Game","Sokak Technologies Inc.","Entertainment","unknown","14464748104","2","Ok","So fun","2026-08-23T19:06:02-07:00","1.0.38","LianaSeraphina","https://itunes.apple.com/us/reviews/id1672939065","0","0","us","1","https://itunes.apple.com/us/review?id=6746781192&type=Purple%20Software","https://itunes.apple.com/us/rss/customerreviews/page=1/id=6746781192/sortby=mostrecent/json","raw/reviews/6746781192/us-1-empty-recheck.json","2026-10-04T10:45:46.568Z","","2025-06-05T07:00:00Z","user_nominated"
"6746781192","Imposter Who? - Word Game","Sokak Technologies Inc.","Entertainment","unknown","14483462536","1","Really!!!!","Was great game when free now £20!!!! Don’t bover","2026-08-28T13:52:37-07:00","1.0.38","Sipower72","https://itunes.apple.com/gb/reviews/id109387662","0","0","gb","1","https://itunes.apple.com/gb/review?id=6746781192&type=Purple%20Software","https://itunes.apple.com/gb/rss/customerreviews/page=1/id=6746781192/sortby=mostrecent/json","raw/reviews/6746781192/gb-1.json","2026-10-04T10:26:00.904Z","","2025-06-05T07:00:00Z","user_nominated"
"6746781192","Imposter Who? - Word Game","Sokak Technologies Inc.","Entertainment","unknown","14486959604","2","Slecht","Hele slechte hints","2026-08-29T11:13:52-07:00","1.0.38","Elisaaq62","https://itunes.apple.com/nl/reviews/id1701373041","0","0","nl","1","https://itunes.apple.com/nl/review?id=6746781192&type=Purple%20Software","https://itunes.apple.com/nl/rss/customerreviews/page=1/id=6746781192/sortby=mostrecent/json","raw/reviews/6746781192/nl-1.json","2026-10-04T10:30:45.566Z","","2025-06-05T07:00:00Z","user_nominated"
"6746781192","Imposter Who? - Word Game","Sokak Technologies Inc.","Entertainment","unknown","14501552664","1","Eww","Bad","2026-09-02T05:14:31-07:00","1.0.38","Kevin_habila","https://itunes.apple.com/gb/reviews/id1319207870","0","0","gb","1","https://itunes.apple.com/gb/review?id=6746781192&type=Purple%20Software","https://itunes.apple.com/gb/rss/customerreviews/page=1/id=6746781192/sortby=mostrecent/json","raw/reviews/6746781192/gb-1.json","2026-10-04T10:26:00.904Z","","2025-06-05T07:00:00Z","user_nominated"
"6746781192","Imposter Who? - Word Game","Sokak Technologies Inc.","Entertainment","unknown","14530818284","1","scam","scammed me","2026-09-09T15:15:06-07:00","1.0.38","Melaxox","https://itunes.apple.com/gb/reviews/id301887355","0","0","gb","1","https://itunes.apple.com/gb/review?id=6746781192&type=Purple%20Software","https://itunes.apple.com/gb/rss/customerreviews/page=1/id=6746781192/sortby=mostrecent/json","raw/reviews/6746781192/gb-1.json","2026-10-04T10:26:00.904Z","","2025-06-05T07:00:00Z","user_nominated"
"6746781192","Imposter Who? - Word Game","Sokak Technologies Inc.","Entertainment","unknown","14554140676","1","Do not get!!!!!","DO NOT GETTTTTT IT IS SO MUCH MONEY AND IT SCAMMED ME","2026-09-15T14:39:32-07:00","1.0.38","𝒥ℴ𝒶𝓃 𝓀ℯ𝓁𝓁𝓎","https://itunes.apple.com/au/reviews/id1670230004","0","0","au","1","https://itunes.apple.com/au/review?id=6746781192&type=Purple%20Software","https://itunes.apple.com/au/rss/customerreviews/page=1/id=6746781192/sortby=mostrecent/json","raw/reviews/6746781192/au-1-empty-recheck.json","2026-10-04T10:46:14.923Z","","2025-06-05T07:00:00Z","user_nominated"
"6746781192","Imposter Who? - Word Game","Sokak Technologies Inc.","Entertainment","unknown","14554597375","1","Bad","You have to pay money","2026-09-15T17:41:56-07:00","1.0.38","Abbycudaby1","https://itunes.apple.com/us/reviews/id1969137911","0","0","us","1","https://itunes.apple.com/us/review?id=6746781192&type=Purple%20Software","https://itunes.apple.com/us/rss/customerreviews/page=1/id=6746781192/sortby=mostrecent/json","raw/reviews/6746781192/us-1-empty-recheck.json","2026-10-04T10:45:46.568Z","","2025-06-05T07:00:00Z","user_nominated"
"6746781192","Imposter Who? - Word Game","Sokak Technologies Inc.","Entertainment","unknown","14570244361","2","Cats and boots","Makes the pay thing pop up soooo flipping much!!!!!!! And I have to interact with people, and one spicific person is ALWAYS the imposter and hints no good. Bye viewers!!! ✌🏼☮️peace out besties!!! TTYL","2026-09-19T17:01:58-07:00","1.0.38","Kaitlyn  mingling the 4th","https://itunes.apple.com/us/reviews/id36909381","0","0","us","1","https://itunes.apple.com/us/review?id=6746781192&type=Purple%20Software","https://itunes.apple.com/us/rss/customerreviews/page=1/id=6746781192/sortby=mostrecent/json","raw/reviews/6746781192/us-1-empty-recheck.json","2026-10-04T10:45:46.568Z","","2025-06-05T07:00:00Z","user_nominated"
"6746781192","Imposter Who? - Word Game","Sokak Technologies Inc.","Entertainment","unknown","14578294717","1","Terrible","The game is rigged it puts the same imposter every single round and boring words as well","2026-09-21T18:16:35-07:00","1.0.38","Yo mama nigga","https://itunes.apple.com/nz/reviews/id1971332351","0","0","nz","1","https://itunes.apple.com/nz/review?id=6746781192&type=Purple%20Software","https://itunes.apple.com/nz/rss/customerreviews/page=1/id=6746781192/sortby=mostrecent/json","raw/reviews/6746781192/nz-1-empty-recheck.json","2026-10-04T10:46:28.049Z","","2025-06-05T07:00:00Z","user_nominated"
"6746781192","Imposter Who? - Word Game","Sokak Technologies Inc.","Entertainment","unknown","14591919020","1","Stole my money","Wtf!!!! I bought the game yesterday, and decided to get the 3 day free trial for premium. This game, then decided to ignore my trial and take my money. I would not havw bought premium if I knew my money will be taken. Absolutely disgraceful","2026-09-25T07:30:55-07:00","1.0.38","Iceabreaker2303","https://itunes.apple.com/za/reviews/id1609808719","0","0","za","1","https://itunes.apple.com/za/review?id=6746781192&type=Purple%20Software","https://itunes.apple.com/za/rss/customerreviews/page=1/id=6746781192/sortby=mostrecent/json","raw/reviews/6746781192/za-1.json","2026-10-04T10:31:10.251Z","","2025-06-05T07:00:00Z","user_nominated"
"6746781192","Imposter Who? - Word Game","Sokak Technologies Inc.","Entertainment","unknown","14592757256","1","Stupid Algorithm","In a 18 person game, same person is becoming imposter again and again","2026-09-25T11:52:44-07:00","1.0.38","ihatethisgame420","https://itunes.apple.com/in/reviews/id1636174946","0","0","in","1","https://itunes.apple.com/in/review?id=6746781192&type=Purple%20Software","https://itunes.apple.com/in/rss/customerreviews/page=1/id=6746781192/sortby=mostrecent/json","raw/reviews/6746781192/in-1.json","2026-10-04T10:31:06.177Z","","2025-06-05T07:00:00Z","user_nominated"
"6746781192","Imposter Who? - Word Game","Sokak Technologies Inc.","Entertainment","unknown","14606761019","1","Rating for game","The game is very tatty and faltu no one play this game this is my humble request","2026-09-29T04:23:07-07:00","1.0.38","SIDAK SINGH KHOSA","https://itunes.apple.com/in/reviews/id1364347185","0","0","in","1","https://itunes.apple.com/in/review?id=6746781192&type=Purple%20Software","https://itunes.apple.com/in/rss/customerreviews/page=1/id=6746781192/sortby=mostrecent/json","raw/reviews/6746781192/in-1.json","2026-10-04T10:31:06.177Z","","2025-06-05T07:00:00Z","user_nominated"
