"app_id","app_name","maker","category","indie_tier","reviews","one_star","two_star","earliest_review_updated_at","latest_review_updated_at"
"963034692","Streaks","Crunchy Bagel; collaboration with Triplezero","Health & Fitness","small_independent_team","284","181","103","2015-06-23T06:09:23-07:00","2026-09-26T21:20:43-07:00"
"1499198946","Structured: Daily Planner Todo","Leo Mehlig and the Structured team / unorderly GmbH","Productivity","small_independent_team","352","232","120","2022-05-12T03:56:34-07:00","2026-09-29T22:38:04-07:00"
"1454778585","Water tracker Waterllama","Llama Luna Apps","Health & Fitness","small_independent_team","112","69","43","2022-07-31T20:57:51-07:00","2026-09-30T13:29:52-07:00"
"6443918070","Habit Tracker - HabitKit","Sebastian Roehl","Productivity","solo","20","14","6","2024-01-12T16:24:44-07:00","2026-09-06T14:14:38-07:00"
"1576857102","Gentler Streak Workout Tracker","Gentler Stories; Katarina Lotric, co-founder and CEO","Health & Fitness","small_independent_team","188","117","71","2021-10-05T23:16:05-07:00","2026-09-28T09:49:58-07:00"
"1593408455","Anybox - Bookmark & Read Later","Anybox Ltd; unnamed single-person operator","Productivity","solo","26","17","9","2022-08-14T21:45:11-07:00","2026-07-22T06:43:30-07:00"
"1532875441","one sec | screen time + focus","Frederik Riedel and team / riedel.wtf apps S.L.","Productivity","small_independent_team","202","139","63","2021-10-20T08:34:41-07:00","2026-09-28T01:42:10-07:00"
"888422857","Overcast Podcast App","Marco Arment / Overcast Radio, LLC","News","solo","622","431","191","2014-09-07T12:19:31-07:00","2026-10-01T19:59:06-07:00"
"712286167","Pedometer++","David Smith / Cross Forward","Health & Fitness","individual_led","404","282","122","2018-10-25T21:33:18-07:00","2026-10-01T23:53:34-07:00"
"904237743","Things 3","Cultured Code GmbH & Co. KG","Productivity","small_independent_team","224","135","89","2017-05-19T03:15:32-07:00","2026-08-08T10:29:28-07:00"
"1016366447","Bear - Markdown Notes","Shiny Frog Ltd.","Productivity","small_independent_team","204","133","71","2016-11-03T14:24:28-07:00","2026-09-21T21:30:14-07:00"
"961390574","CARROT Weather: Alerts & Radar","Brian Mueller / Grailr LLC","Weather","solo","249","164","85","2021-03-02T22:51:06-07:00","2026-10-02T06:05:25-07:00"
"390017969","Due - Reminders & Timers","Due Apps LLP; individual-led maker @jjlin","Productivity","individual_led","116","72","44","2012-05-30T01:07:33-07:00","2026-06-12T07:46:36-07:00"
"1236254471","Drafts","Greg Pierce / Agile Tortoise, Inc.","Productivity","individual_led","0","0","0","",""
"532430574","Happy Scale","Russ Shanahan / Front Pocket Software LLC","Health & Fitness","small_independent_team","0","0","0","",""
"1581140954","Noir - Dark Mode for Safari","Jeffrey Kuiken","Utilities","individual_led","0","0","0","",""
"373493387","AnkiMobile Flashcards","Anki Software LLC; AnkiHub transition from Damien Elmes / Ankitects","Education","small_independent_team","0","0","0","",""
