"app_id","app_name","storefront","pages","fetched_entries","unique_review_ids_all_ratings","negative_observations","stop_reason","error"
"1499198946","Structured: Daily Planner Todo","us","10","500","500","100","last_page",""
"1454778585","Water tracker Waterllama","us","10","500","500","50","last_page",""
"963034692","Streaks","us","10","500","500","125","last_page",""
"1499198946","Structured: Daily Planner Todo","gb","10","500","500","87","last_page",""
"963034692","Streaks","gb","10","460","460","56","short_page",""
"1454778585","Water tracker Waterllama","gb","10","500","500","17","last_page",""
"963034692","Streaks","ca","7","337","337","66","short_page",""
"1499198946","Structured: Daily Planner Todo","ca","10","500","500","90","last_page",""
"1454778585","Water tracker Waterllama","ca","10","500","500","32","last_page",""
"963034692","Streaks","au","4","150","150","31","empty_page",""
"963034692","Streaks","nz","1","43","43","2","short_page",""
"963034692","Streaks","ie","1","24","24","4","short_page",""
"6443918070","Habit Tracker - HabitKit","us","5","211","211","10","short_page",""
"6443918070","Habit Tracker - HabitKit","gb","2","90","90","3","short_page",""
"6443918070","Habit Tracker - HabitKit","ca","2","57","57","5","short_page",""
"1454778585","Water tracker Waterllama","au","10","500","500","10","last_page",""
"1499198946","Structured: Daily Planner Todo","au","10","500","500","56","last_page",""
"6443918070","Habit Tracker - HabitKit","au","1","21","21","2","short_page",""
"6443918070","Habit Tracker - HabitKit","nz","1","3","3","0","short_page",""
"6443918070","Habit Tracker - HabitKit","ie","1","7","7","0","short_page",""
"1499198946","Structured: Daily Planner Todo","nz","2","79","79","13","short_page",""
"1499198946","Structured: Daily Planner Todo","ie","1","48","48","6","short_page",""
"1454778585","Water tracker Waterllama","nz","4","153","153","2","short_page",""
"1454778585","Water tracker Waterllama","ie","1","45","45","1","short_page",""
"1593408455","Anybox - Bookmark & Read Later","us","2","73","73","19","short_page",""
"1593408455","Anybox - Bookmark & Read Later","gb","1","9","9","2","short_page",""
"1593408455","Anybox - Bookmark & Read Later","ca","1","10","10","2","short_page",""
"1593408455","Anybox - Bookmark & Read Later","au","1","8","8","2","short_page",""
"1593408455","Anybox - Bookmark & Read Later","nz","1","3","3","1","short_page",""
"1593408455","Anybox - Bookmark & Read Later","ie","1","0","0","0","empty_page",""
"1532875441","one sec | screen time + focus","us","7","300","300","81","empty_page",""
"1576857102","Gentler Streak Workout Tracker","us","10","500","500","132","last_page",""
"1576857102","Gentler Streak Workout Tracker","gb","2","74","74","27","short_page",""
"1576857102","Gentler Streak Workout Tracker","ca","2","91","91","23","short_page",""
"1576857102","Gentler Streak Workout Tracker","au","1","26","26","4","short_page",""
"1576857102","Gentler Streak Workout Tracker","nz","1","11","11","2","short_page",""
"1576857102","Gentler Streak Workout Tracker","ie","1","2","2","0","short_page",""
"1532875441","one sec | screen time + focus","gb","6","279","279","49","short_page",""
"888422857","Overcast Podcast App","us","10","500","500","137","last_page",""
"1532875441","one sec | screen time + focus","ca","5","216","216","45","short_page",""
"1532875441","one sec | screen time + focus","au","3","135","135","22","short_page",""
"1532875441","one sec | screen time + focus","nz","1","18","18","2","short_page",""
"1532875441","one sec | screen time + focus","ie","1","10","10","3","short_page",""
"712286167","Pedometer++","us","10","500","500","209","last_page",""
"888422857","Overcast Podcast App","gb","10","500","500","200","last_page",""
"904237743","Things 3","us","10","500","500","91","last_page",""
"712286167","Pedometer++","gb","10","500","500","94","last_page",""
"888422857","Overcast Podcast App","ca","10","500","500","113","last_page",""
"904237743","Things 3","gb","10","500","500","63","last_page",""
"712286167","Pedometer++","ca","10","500","500","78","last_page",""
"712286167","Pedometer++","au","1","0","0","0","empty_page",""
"888422857","Overcast Podcast App","au","10","500","500","125","last_page",""
"712286167","Pedometer++","nz","2","99","99","14","short_page",""
"712286167","Pedometer++","ie","3","113","113","9","short_page",""
"888422857","Overcast Podcast App","nz","4","198","198","27","short_page",""
"904237743","Things 3","ca","8","354","354","43","short_page",""
"888422857","Overcast Podcast App","ie","3","148","148","20","short_page",""
"904237743","Things 3","au","5","246","246","25","short_page",""
"904237743","Things 3","nz","1","34","34","2","short_page",""
"904237743","Things 3","ie","1","16","16","0","short_page",""
"1016366447","Bear - Markdown Notes","us","10","500","500","109","last_page",""
"961390574","CARROT Weather: Alerts & Radar","us","10","500","500","133","last_page",""
"390017969","Due - Reminders & Timers","us","10","500","500","55","last_page",""
"1016366447","Bear - Markdown Notes","gb","8","374","374","57","short_page",""
"961390574","CARROT Weather: Alerts & Radar","gb","10","500","500","97","last_page",""
"1016366447","Bear - Markdown Notes","ca","5","205","205","28","short_page",""
"961390574","CARROT Weather: Alerts & Radar","ca","1","50","50","19","request_failed","HTTP 403"
"390017969","Due - Reminders & Timers","gb","7","350","350","61","request_failed","HTTP 403"
"961390574","CARROT Weather: Alerts & Radar","au","0","0","0","0","request_failed","HTTP 403"
"1016366447","Bear - Markdown Notes","au","1","50","50","10","request_failed","HTTP 403"
"961390574","CARROT Weather: Alerts & Radar","nz","0","0","0","0","request_failed","HTTP 403"
"1016366447","Bear - Markdown Notes","nz","0","0","0","0","request_failed","HTTP 403"
"390017969","Due - Reminders & Timers","ca","0","0","0","0","request_failed","HTTP 403"
"390017969","Due - Reminders & Timers","au","0","0","0","0","request_failed","HTTP 403"
"1016366447","Bear - Markdown Notes","ie","0","0","0","0","request_failed","HTTP 403"
"961390574","CARROT Weather: Alerts & Radar","ie","0","0","0","0","request_failed","HTTP 403"
"1236254471","Drafts","us","0","0","0","0","request_failed","HTTP 403"
"532430574","Happy Scale","us","0","0","0","0","request_failed","HTTP 403"
"390017969","Due - Reminders & Timers","nz","0","0","0","0","request_failed","HTTP 403"
"1236254471","Drafts","gb","0","0","0","0","request_failed","HTTP 403"
"532430574","Happy Scale","gb","0","0","0","0","request_failed","HTTP 403"
"390017969","Due - Reminders & Timers","ie","0","0","0","0","request_failed","HTTP 403"
"532430574","Happy Scale","ca","0","0","0","0","request_failed","HTTP 403"
"1236254471","Drafts","ca","0","0","0","0","request_failed","HTTP 403"
"1236254471","Drafts","au","0","0","0","0","request_failed","HTTP 403"
"532430574","Happy Scale","au","0","0","0","0","request_failed","HTTP 403"
"1581140954","Noir - Dark Mode for Safari","us","0","0","0","0","request_failed","HTTP 403"
"532430574","Happy Scale","nz","0","0","0","0","request_failed","HTTP 403"
"1236254471","Drafts","nz","0","0","0","0","request_failed","HTTP 403"
"1581140954","Noir - Dark Mode for Safari","gb","0","0","0","0","request_failed","HTTP 403"
"1236254471","Drafts","ie","0","0","0","0","request_failed","HTTP 403"
"532430574","Happy Scale","ie","0","0","0","0","request_failed","HTTP 403"
"1581140954","Noir - Dark Mode for Safari","ca","0","0","0","0","request_failed","HTTP 403"
"1581140954","Noir - Dark Mode for Safari","au","0","0","0","0","request_failed","HTTP 403"
"373493387","AnkiMobile Flashcards","us","0","0","0","0","request_failed","HTTP 403"
"1581140954","Noir - Dark Mode for Safari","nz","0","0","0","0","request_failed","HTTP 403"
"373493387","AnkiMobile Flashcards","gb","0","0","0","0","request_failed","HTTP 403"
"1581140954","Noir - Dark Mode for Safari","ie","0","0","0","0","request_failed","HTTP 403"
"373493387","AnkiMobile Flashcards","ca","0","0","0","0","request_failed","HTTP 403"
"373493387","AnkiMobile Flashcards","au","0","0","0","0","request_failed","HTTP 403"
"373493387","AnkiMobile Flashcards","nz","0","0","0","0","request_failed","HTTP 403"
"373493387","AnkiMobile Flashcards","ie","0","0","0","0","request_failed","HTTP 403"
